-- phpMyAdmin SQL Dump
-- version 4.8.5
-- https://www.phpmyadmin.net/
--
-- Host: 127.0.0.1:3306
-- Generation Time: Sep 14, 2019 at 08:12 AM
-- Server version: 5.7.26
-- PHP Version: 7.2.18

SET SQL_MODE = "NO_AUTO_VALUE_ON_ZERO";
SET AUTOCOMMIT = 0;
START TRANSACTION;
SET time_zone = "+00:00";


/*!40101 SET @OLD_CHARACTER_SET_CLIENT=@@CHARACTER_SET_CLIENT */;
/*!40101 SET @OLD_CHARACTER_SET_RESULTS=@@CHARACTER_SET_RESULTS */;
/*!40101 SET @OLD_COLLATION_CONNECTION=@@COLLATION_CONNECTION */;
/*!40101 SET NAMES utf8mb4 */;

--
-- Database: `new-api-db`
--

-- --------------------------------------------------------

--
-- Table structure for table `migrations`
--

DROP TABLE IF EXISTS `migrations`;
CREATE TABLE IF NOT EXISTS `migrations` (
  `id` int(10) UNSIGNED NOT NULL AUTO_INCREMENT,
  `migration` varchar(191) COLLATE utf8mb4_unicode_ci NOT NULL,
  `batch` int(11) NOT NULL,
  PRIMARY KEY (`id`)
) ENGINE=MyISAM AUTO_INCREMENT=23 DEFAULT CHARSET=utf8mb4 COLLATE=utf8mb4_unicode_ci;

--
-- Dumping data for table `migrations`
--

INSERT INTO `migrations` (`id`, `migration`, `batch`) VALUES
(14, '2014_10_12_000000_create_users_table', 1),
(15, '2014_10_12_100000_create_password_resets_table', 1),
(16, '2016_06_01_000001_create_oauth_auth_codes_table', 1),
(17, '2016_06_01_000002_create_oauth_access_tokens_table', 1),
(18, '2016_06_01_000003_create_oauth_refresh_tokens_table', 1),
(19, '2016_06_01_000004_create_oauth_clients_table', 1),
(20, '2016_06_01_000005_create_oauth_personal_access_clients_table', 1),
(21, '2019_09_13_102354_create_products_table', 1),
(22, '2019_09_13_102538_create_reviews_table', 1);

-- --------------------------------------------------------

--
-- Table structure for table `oauth_access_tokens`
--

DROP TABLE IF EXISTS `oauth_access_tokens`;
CREATE TABLE IF NOT EXISTS `oauth_access_tokens` (
  `id` varchar(100) COLLATE utf8mb4_unicode_ci NOT NULL,
  `user_id` bigint(20) DEFAULT NULL,
  `client_id` int(10) UNSIGNED NOT NULL,
  `name` varchar(191) COLLATE utf8mb4_unicode_ci DEFAULT NULL,
  `scopes` text COLLATE utf8mb4_unicode_ci,
  `revoked` tinyint(1) NOT NULL,
  `created_at` timestamp NULL DEFAULT NULL,
  `updated_at` timestamp NULL DEFAULT NULL,
  `expires_at` datetime DEFAULT NULL,
  PRIMARY KEY (`id`),
  KEY `oauth_access_tokens_user_id_index` (`user_id`)
) ENGINE=MyISAM DEFAULT CHARSET=utf8mb4 COLLATE=utf8mb4_unicode_ci;

--
-- Dumping data for table `oauth_access_tokens`
--

INSERT INTO `oauth_access_tokens` (`id`, `user_id`, `client_id`, `name`, `scopes`, `revoked`, `created_at`, `updated_at`, `expires_at`) VALUES
('d8094abde4e986e1a3ee8a1325651d74b23546867f5aaeb3bfd56061f65d9a01a58cd63b2082c769', 6, 2, NULL, '[]', 0, '2019-09-14 01:37:00', '2019-09-14 01:37:00', '2020-09-14 07:07:00');

-- --------------------------------------------------------

--
-- Table structure for table `oauth_auth_codes`
--

DROP TABLE IF EXISTS `oauth_auth_codes`;
CREATE TABLE IF NOT EXISTS `oauth_auth_codes` (
  `id` varchar(100) COLLATE utf8mb4_unicode_ci NOT NULL,
  `user_id` bigint(20) NOT NULL,
  `client_id` int(10) UNSIGNED NOT NULL,
  `scopes` text COLLATE utf8mb4_unicode_ci,
  `revoked` tinyint(1) NOT NULL,
  `expires_at` datetime DEFAULT NULL,
  PRIMARY KEY (`id`)
) ENGINE=MyISAM DEFAULT CHARSET=utf8mb4 COLLATE=utf8mb4_unicode_ci;

-- --------------------------------------------------------

--
-- Table structure for table `oauth_clients`
--

DROP TABLE IF EXISTS `oauth_clients`;
CREATE TABLE IF NOT EXISTS `oauth_clients` (
  `id` int(10) UNSIGNED NOT NULL AUTO_INCREMENT,
  `user_id` bigint(20) DEFAULT NULL,
  `name` varchar(191) COLLATE utf8mb4_unicode_ci NOT NULL,
  `secret` varchar(100) COLLATE utf8mb4_unicode_ci NOT NULL,
  `redirect` text COLLATE utf8mb4_unicode_ci NOT NULL,
  `personal_access_client` tinyint(1) NOT NULL,
  `password_client` tinyint(1) NOT NULL,
  `revoked` tinyint(1) NOT NULL,
  `created_at` timestamp NULL DEFAULT NULL,
  `updated_at` timestamp NULL DEFAULT NULL,
  PRIMARY KEY (`id`),
  KEY `oauth_clients_user_id_index` (`user_id`)
) ENGINE=MyISAM AUTO_INCREMENT=3 DEFAULT CHARSET=utf8mb4 COLLATE=utf8mb4_unicode_ci;

--
-- Dumping data for table `oauth_clients`
--

INSERT INTO `oauth_clients` (`id`, `user_id`, `name`, `secret`, `redirect`, `personal_access_client`, `password_client`, `revoked`, `created_at`, `updated_at`) VALUES
(1, NULL, 'Laravel Personal Access Client', 'ZDm3EuWul9uniZoo7ovzSiYhL0B5xLxrcP5Fl3Ln', 'http://localhost', 1, 0, 0, '2019-09-14 01:22:36', '2019-09-14 01:22:36'),
(2, NULL, 'Laravel Password Grant Client', 'fEUhWwRq9WA7qNdu6tgo4K234ZTMQ65ZLQOIPbvu', 'http://localhost', 0, 1, 0, '2019-09-14 01:22:36', '2019-09-14 01:22:36');

-- --------------------------------------------------------

--
-- Table structure for table `oauth_personal_access_clients`
--

DROP TABLE IF EXISTS `oauth_personal_access_clients`;
CREATE TABLE IF NOT EXISTS `oauth_personal_access_clients` (
  `id` int(10) UNSIGNED NOT NULL AUTO_INCREMENT,
  `client_id` int(10) UNSIGNED NOT NULL,
  `created_at` timestamp NULL DEFAULT NULL,
  `updated_at` timestamp NULL DEFAULT NULL,
  PRIMARY KEY (`id`),
  KEY `oauth_personal_access_clients_client_id_index` (`client_id`)
) ENGINE=MyISAM AUTO_INCREMENT=2 DEFAULT CHARSET=utf8mb4 COLLATE=utf8mb4_unicode_ci;

--
-- Dumping data for table `oauth_personal_access_clients`
--

INSERT INTO `oauth_personal_access_clients` (`id`, `client_id`, `created_at`, `updated_at`) VALUES
(1, 1, '2019-09-14 01:22:36', '2019-09-14 01:22:36');

-- --------------------------------------------------------

--
-- Table structure for table `oauth_refresh_tokens`
--

DROP TABLE IF EXISTS `oauth_refresh_tokens`;
CREATE TABLE IF NOT EXISTS `oauth_refresh_tokens` (
  `id` varchar(100) COLLATE utf8mb4_unicode_ci NOT NULL,
  `access_token_id` varchar(100) COLLATE utf8mb4_unicode_ci NOT NULL,
  `revoked` tinyint(1) NOT NULL,
  `expires_at` datetime DEFAULT NULL,
  PRIMARY KEY (`id`),
  KEY `oauth_refresh_tokens_access_token_id_index` (`access_token_id`)
) ENGINE=MyISAM DEFAULT CHARSET=utf8mb4 COLLATE=utf8mb4_unicode_ci;

--
-- Dumping data for table `oauth_refresh_tokens`
--

INSERT INTO `oauth_refresh_tokens` (`id`, `access_token_id`, `revoked`, `expires_at`) VALUES
('0599e635df35807f548f45b54186814393bc91baf800b1a159a545757521ea4dbab42608d607d808', 'd8094abde4e986e1a3ee8a1325651d74b23546867f5aaeb3bfd56061f65d9a01a58cd63b2082c769', 0, '2020-09-14 07:07:00');

-- --------------------------------------------------------

--
-- Table structure for table `password_resets`
--

DROP TABLE IF EXISTS `password_resets`;
CREATE TABLE IF NOT EXISTS `password_resets` (
  `email` varchar(191) COLLATE utf8mb4_unicode_ci NOT NULL,
  `token` varchar(191) COLLATE utf8mb4_unicode_ci NOT NULL,
  `created_at` timestamp NULL DEFAULT NULL,
  KEY `password_resets_email_index` (`email`)
) ENGINE=MyISAM DEFAULT CHARSET=utf8mb4 COLLATE=utf8mb4_unicode_ci;

-- --------------------------------------------------------

--
-- Table structure for table `products`
--

DROP TABLE IF EXISTS `products`;
CREATE TABLE IF NOT EXISTS `products` (
  `id` bigint(20) UNSIGNED NOT NULL AUTO_INCREMENT,
  `name` varchar(191) COLLATE utf8mb4_unicode_ci NOT NULL,
  `detail` text COLLATE utf8mb4_unicode_ci NOT NULL,
  `price` int(11) NOT NULL,
  `stock` int(11) NOT NULL,
  `discount` int(11) NOT NULL,
  `user_id` int(10) UNSIGNED NOT NULL,
  `created_at` timestamp NULL DEFAULT NULL,
  `updated_at` timestamp NULL DEFAULT NULL,
  PRIMARY KEY (`id`),
  KEY `products_user_id_index` (`user_id`)
) ENGINE=MyISAM AUTO_INCREMENT=101 DEFAULT CHARSET=utf8mb4 COLLATE=utf8mb4_unicode_ci;

--
-- Dumping data for table `products`
--

INSERT INTO `products` (`id`, `name`, `detail`, `price`, `stock`, `discount`, `user_id`, `created_at`, `updated_at`) VALUES
(1, 'quisquam', 'Hello User', 822, 3, 12, 6, '2019-09-14 01:14:41', '2019-09-14 01:57:24'),
(2, 'asperiores', 'Aut optio quisquam repellendus illo vel iusto. Accusamus quia odit eos sit. Aut officiis facilis explicabo dolorem provident. Corrupti ut ducimus quia qui maxime recusandae quasi.', 776, 4, 20, 5, '2019-09-14 01:14:41', '2019-09-14 01:14:41'),
(3, 'et', 'A fugit qui cupiditate libero qui dolore et porro. Enim in sed nihil nulla ea laudantium sint repudiandae. Ratione ut quos dolor eos nam facere.', 304, 6, 17, 3, '2019-09-14 01:14:41', '2019-09-14 01:14:41'),
(4, 'et', 'Nam earum enim modi saepe impedit totam. Perspiciatis harum et expedita. Mollitia voluptatem quas distinctio reiciendis.', 238, 1, 22, 1, '2019-09-14 01:14:41', '2019-09-14 01:14:41'),
(5, 'adipisci', 'Voluptatem non nihil qui voluptates. Voluptate ut consequatur tempore. Dicta facere doloremque et omnis qui id. Quae asperiores molestiae velit tempore.', 201, 9, 22, 5, '2019-09-14 01:14:41', '2019-09-14 01:14:41'),
(6, 'cupiditate', 'Provident qui aut consequatur quidem consequatur vel architecto. Quia veniam illum ab. Cum ipsam maiores voluptatem cumque nemo quia unde ab.', 983, 5, 3, 6, '2019-09-14 01:14:41', '2019-09-14 01:14:41'),
(7, 'eum', 'Velit ratione aut quibusdam optio labore dolore. Aliquam architecto voluptatem facilis iusto autem ipsa repellat. Cum iste exercitationem qui voluptas.', 616, 0, 24, 3, '2019-09-14 01:14:41', '2019-09-14 01:14:41'),
(8, 'vitae', 'Voluptatum nam minus quidem ut. Asperiores est sunt aut repellendus ut fugit. Accusamus quas possimus et.', 814, 7, 13, 2, '2019-09-14 01:14:41', '2019-09-14 01:14:41'),
(9, 'nam', 'Soluta dolore harum praesentium aliquid aliquam. Distinctio voluptatem natus eligendi nulla. Voluptate et natus voluptatum adipisci sint delectus. In laudantium molestiae non ab eveniet ab.', 526, 8, 7, 2, '2019-09-14 01:14:41', '2019-09-14 01:14:41'),
(10, 'mollitia', 'Unde illo et ut id fugiat sed doloribus. Id animi id nisi consequatur distinctio et optio. Neque totam quae eius iste architecto omnis.', 499, 2, 15, 10, '2019-09-14 01:14:41', '2019-09-14 01:14:41'),
(11, 'animi', 'Fuga tempore voluptatibus sint dolore eum vel corrupti. Explicabo labore aliquam eum sequi facere aut. Ea incidunt sit cupiditate ab amet error.', 578, 4, 20, 3, '2019-09-14 01:14:41', '2019-09-14 01:14:41'),
(12, 'ab', 'Vero enim ut et laudantium harum aut. Aliquam eum et eaque dolores et culpa molestias. Iusto sunt voluptatem est quisquam. Unde ut veritatis aut. Magni consectetur molestias amet maxime qui sed fugit.', 296, 4, 11, 1, '2019-09-14 01:14:41', '2019-09-14 01:14:41'),
(13, 'porro', 'Quia cupiditate eum laborum et rerum non fuga. Officiis quis omnis mollitia. Itaque atque laborum voluptatem quia. Blanditiis vitae velit cum sequi ut unde fugiat.', 242, 0, 28, 5, '2019-09-14 01:14:41', '2019-09-14 01:14:41'),
(14, 'praesentium', 'Hic quibusdam reiciendis veritatis odio. Molestias quo repellat esse. Aut dolore odio sunt quas asperiores quos est exercitationem.', 952, 4, 9, 2, '2019-09-14 01:14:41', '2019-09-14 01:14:41'),
(15, 'rem', 'Odit repellendus iure dicta similique eius mollitia. Eum qui rerum sit et enim. Exercitationem quas sequi et commodi laudantium.', 996, 7, 18, 4, '2019-09-14 01:14:41', '2019-09-14 01:14:41'),
(16, 'illum', 'Incidunt nemo nihil accusantium corporis. Illo sunt impedit omnis. Rem provident voluptatibus assumenda dolores enim qui eos.', 847, 0, 25, 2, '2019-09-14 01:14:41', '2019-09-14 01:14:41'),
(17, 'ut', 'Doloremque necessitatibus voluptates ut vero qui et. Rerum deleniti magni facilis animi assumenda. Nisi sed dolores minima voluptas error doloremque alias. Quidem illo eius omnis qui tenetur est minus.', 323, 2, 11, 4, '2019-09-14 01:14:41', '2019-09-14 01:14:41'),
(18, 'optio', 'Tenetur sint sint eos quam. Reiciendis non qui est tenetur enim. Odio dolores quisquam ut cupiditate.', 124, 2, 9, 4, '2019-09-14 01:14:41', '2019-09-14 01:14:41'),
(19, 'id', 'Aliquam qui voluptatem voluptas maiores. Exercitationem quis ducimus est enim dolores doloribus doloribus. Aut quam dolores id ut modi voluptates. Blanditiis velit explicabo facere enim.', 293, 8, 9, 2, '2019-09-14 01:14:41', '2019-09-14 01:14:41'),
(20, 'minus', 'Et temporibus sed corporis nulla ducimus exercitationem molestias similique. Asperiores autem id blanditiis iste suscipit. Aut quisquam atque corporis et voluptatem.', 511, 4, 28, 4, '2019-09-14 01:14:41', '2019-09-14 01:14:41'),
(21, 'sit', 'Incidunt animi sint odio asperiores aut aut. Dolor vitae eveniet et unde voluptas eaque quas aspernatur. Consequuntur eveniet laboriosam molestiae id aperiam est.', 779, 0, 25, 5, '2019-09-14 01:14:41', '2019-09-14 01:14:41'),
(22, 'eum', 'Et sunt culpa aliquam et doloremque voluptatem velit molestiae. Qui repellendus molestiae quia dolorem mollitia voluptatem dolorem.', 517, 4, 24, 2, '2019-09-14 01:14:41', '2019-09-14 01:14:41'),
(23, 'magnam', 'Ut ab eius tempora a ut praesentium et. Eius culpa quos molestiae. Quia cupiditate et ipsam omnis doloremque quia necessitatibus accusantium.', 842, 6, 6, 4, '2019-09-14 01:14:41', '2019-09-14 01:14:41'),
(24, 'iure', 'Tenetur eos commodi dolore non dolorum in expedita. Ratione dicta deserunt repellat fugit omnis soluta quaerat dolores. Maiores et enim perspiciatis asperiores incidunt et.', 906, 7, 28, 5, '2019-09-14 01:14:41', '2019-09-14 01:14:41'),
(25, 'voluptatibus', 'Aliquam aliquam natus eligendi fuga adipisci ipsa. Doloremque amet magnam tenetur autem maiores. Corrupti et incidunt voluptatem et ratione qui. Temporibus et eveniet officia reiciendis nemo sequi omnis.', 446, 9, 11, 1, '2019-09-14 01:14:41', '2019-09-14 01:14:41'),
(26, 'dignissimos', 'Nisi ullam explicabo ut qui quos. Labore fuga minima et. Beatae perferendis quidem architecto architecto maiores consequatur cum. Voluptas incidunt nulla ullam ducimus sunt dolorum.', 773, 1, 22, 5, '2019-09-14 01:14:41', '2019-09-14 01:14:41'),
(27, 'cupiditate', 'Repudiandae natus quisquam expedita illo est eum. Unde corporis ducimus nemo eius sequi aut esse.', 804, 1, 19, 3, '2019-09-14 01:14:41', '2019-09-14 01:14:41'),
(28, 'dolores', 'Ut et autem temporibus illo. Consequatur rerum ut velit. Odio non neque voluptas expedita.', 332, 6, 20, 1, '2019-09-14 01:14:41', '2019-09-14 01:14:41'),
(29, 'eligendi', 'Voluptas id quia deleniti sit voluptatem quisquam totam. Voluptas cum sequi velit inventore tempora eum repellendus. Molestiae animi inventore eaque eum atque sit.', 178, 2, 10, 1, '2019-09-14 01:14:41', '2019-09-14 01:14:41'),
(30, 'dolorum', 'Architecto provident pariatur sunt omnis aut similique ratione. Sit distinctio dolor libero alias. Architecto molestias ut sit eum quis animi aut. Odio quibusdam in quo fugit aut.', 988, 1, 19, 1, '2019-09-14 01:14:41', '2019-09-14 01:14:41'),
(31, 'soluta', 'Officiis minima adipisci debitis dicta sint est et. Repellat et accusamus adipisci recusandae consequatur officiis. Corporis dolorem deserunt et sit ut reiciendis et.', 562, 6, 4, 5, '2019-09-14 01:14:41', '2019-09-14 01:14:41'),
(32, 'eligendi', 'Temporibus mollitia ut quia. Ut rerum alias porro nesciunt. Porro aut rem natus tempore dolores. Eos veniam reprehenderit voluptas similique. Architecto quos saepe quidem et.', 914, 8, 9, 3, '2019-09-14 01:14:41', '2019-09-14 01:14:41'),
(33, 'sit', 'Est repellendus ullam vitae possimus libero. Autem quia quidem veniam nesciunt ipsa.', 586, 4, 4, 1, '2019-09-14 01:14:41', '2019-09-14 01:14:41'),
(34, 'veniam', 'Mollitia beatae minima vero et. Quibusdam explicabo occaecati qui dolorem ratione. Ab officia necessitatibus consectetur sunt harum.', 875, 9, 3, 3, '2019-09-14 01:14:41', '2019-09-14 01:14:41'),
(35, 'quo', 'Aut quisquam est aperiam. Sequi aperiam veniam quo ut rerum alias optio. Aperiam voluptatum qui vero laudantium. Voluptatibus nulla recusandae saepe.', 451, 8, 18, 1, '2019-09-14 01:14:41', '2019-09-14 01:14:41'),
(36, 'veritatis', 'Et corrupti magnam quo maxime blanditiis ipsam temporibus quod. Dolorem qui cupiditate reprehenderit sunt omnis molestiae consequuntur. Explicabo officia in harum. Rerum dolorum voluptas aut est.', 162, 3, 22, 4, '2019-09-14 01:14:41', '2019-09-14 01:14:41'),
(37, 'nesciunt', 'Adipisci vitae tempore illo et quisquam. Unde consequatur dolores facilis necessitatibus consequatur optio ut. Provident mollitia dolor neque.', 332, 3, 19, 4, '2019-09-14 01:14:41', '2019-09-14 01:14:41'),
(38, 'veniam', 'Accusantium sit quos eius aliquid. Iure ad omnis consectetur officia quidem sit.', 856, 7, 28, 1, '2019-09-14 01:14:41', '2019-09-14 01:14:41'),
(39, 'doloremque', 'Velit et soluta aut dolorem aut quia enim. Est ullam odio corrupti placeat inventore itaque. Voluptatibus sequi voluptatum ut beatae. Amet voluptatum quisquam aut laborum iure.', 870, 8, 28, 1, '2019-09-14 01:14:41', '2019-09-14 01:14:41'),
(40, 'quia', 'Odit qui qui dolor voluptatibus. Et autem perferendis enim.', 655, 5, 3, 5, '2019-09-14 01:14:41', '2019-09-14 01:14:41'),
(41, 'ipsa', 'Dolore explicabo dolor deserunt ut eos numquam aliquam. Quis nostrum ipsum vel illum. Officia id non qui exercitationem est ut sapiente.', 254, 2, 26, 2, '2019-09-14 01:14:41', '2019-09-14 01:14:41'),
(42, 'quibusdam', 'Itaque inventore rerum qui molestias ipsam debitis. Dolores hic ut voluptatem ut et vero a. Iure et et omnis consectetur minus adipisci. Illum aliquid hic cumque aut sint recusandae ut.', 885, 4, 16, 3, '2019-09-14 01:14:41', '2019-09-14 01:14:41'),
(43, 'facilis', 'Nisi maiores sit iure beatae non est. Numquam sapiente vero nam et. Eos cupiditate non enim delectus.', 749, 0, 4, 3, '2019-09-14 01:14:41', '2019-09-14 01:14:41'),
(44, 'dolore', 'Amet omnis quasi exercitationem voluptatem eius dicta nulla. Hic id blanditiis eius dolorem doloremque eos. Et quod labore rerum laboriosam ipsa occaecati.', 1000, 2, 5, 3, '2019-09-14 01:14:41', '2019-09-14 01:14:41'),
(45, 'consequatur', 'Illum ut laboriosam debitis nisi. Maiores cupiditate a corporis temporibus voluptate et. Et assumenda quam distinctio cum doloremque.', 279, 1, 2, 5, '2019-09-14 01:14:41', '2019-09-14 01:14:41'),
(46, 'quo', 'Iste fugiat illum fugit qui dolorum labore. Vel odit quasi sunt dolore optio dolorum.', 242, 3, 12, 3, '2019-09-14 01:14:41', '2019-09-14 01:14:41'),
(47, 'animi', 'Quos ut quam doloremque dolorum dolores distinctio. Error dolores laboriosam maiores aut necessitatibus voluptates labore. Ab ut dignissimos omnis voluptas. Ipsa qui occaecati aut nesciunt qui reiciendis cumque.', 691, 6, 4, 1, '2019-09-14 01:14:41', '2019-09-14 01:14:41'),
(48, 'aperiam', 'Fugit doloribus dolores quasi dolorem. Consequatur molestias excepturi sit blanditiis dolorem.', 591, 9, 18, 1, '2019-09-14 01:14:41', '2019-09-14 01:14:41'),
(49, 'iusto', 'Quia autem atque pariatur. Error deserunt nihil voluptatibus sint. Nihil sit nesciunt voluptatem aut necessitatibus. Deserunt non atque nostrum qui eum qui. Repellendus omnis eaque quis.', 328, 3, 22, 5, '2019-09-14 01:14:41', '2019-09-14 01:14:41'),
(50, 'velit', 'Quo velit sed quis non. Non reprehenderit optio dolor. Voluptatem est voluptatibus unde sint modi in. Optio quas ea provident alias.', 105, 7, 3, 1, '2019-09-14 01:14:41', '2019-09-14 01:14:41'),
(51, 'similique', 'Facilis quod quia culpa. Nesciunt eligendi omnis non nihil eveniet cum facilis.', 863, 0, 24, 5, '2019-09-14 01:14:41', '2019-09-14 01:14:41'),
(52, 'odio', 'Saepe molestias tempora quas sapiente maxime iusto minus reprehenderit. Qui et vel quia enim explicabo natus enim quisquam. Labore voluptatem soluta fugiat tenetur labore cumque officia. Ab eaque et saepe culpa at.', 683, 4, 30, 2, '2019-09-14 01:14:41', '2019-09-14 01:14:41'),
(53, 'est', 'Aut laborum excepturi et ipsum eius aut cumque. Consectetur consequatur odit amet quisquam facilis. Eius recusandae molestias voluptatem praesentium temporibus cum esse. Ullam ea ipsum unde et molestias eos.', 323, 7, 3, 2, '2019-09-14 01:14:41', '2019-09-14 01:14:41'),
(54, 'consequatur', 'Eveniet eos quos rem ipsam iure qui dolor iste. Non laborum hic eos et. Quae consequuntur accusamus esse et. Praesentium sint illo quo.', 355, 6, 15, 1, '2019-09-14 01:14:41', '2019-09-14 01:14:41'),
(55, 'inventore', 'Quae quis iste sit aut. Quam aut odit aut nobis corporis qui. Ea quo amet voluptates quisquam autem natus doloribus. Voluptate iure a quidem sunt.', 443, 4, 21, 2, '2019-09-14 01:14:41', '2019-09-14 01:14:41'),
(56, 'minus', 'Quos dicta soluta et provident hic repudiandae. Odio sit ut veniam quibusdam enim dolor adipisci alias. Eos itaque adipisci excepturi molestiae qui quo vero repellendus. Odio voluptatem non doloremque nisi.', 568, 2, 7, 5, '2019-09-14 01:14:41', '2019-09-14 01:14:41'),
(57, 'ratione', 'Exercitationem eveniet sunt porro et. Recusandae qui sunt molestiae qui. Non quibusdam quia adipisci rem perspiciatis beatae. Ipsa nihil fuga ea.', 738, 9, 18, 5, '2019-09-14 01:14:41', '2019-09-14 01:14:41'),
(58, 'est', 'Illum dolores suscipit ut iste doloribus quae iusto. Et quaerat nesciunt ducimus omnis aliquid. Id voluptatem voluptatem eum ut.', 464, 6, 21, 5, '2019-09-14 01:14:41', '2019-09-14 01:14:41'),
(59, 'aut', 'Expedita molestiae sit atque quia fuga et ratione iste. Ut ad molestiae incidunt recusandae. Sunt consequatur cumque ut omnis. Qui quo ut aliquid dolore iste in assumenda velit.', 747, 6, 4, 3, '2019-09-14 01:14:41', '2019-09-14 01:14:41'),
(60, 'enim', 'Ea et et in dolorem at suscipit. Aliquid repudiandae odit dignissimos sit voluptas. Id iste in fuga fugit.', 277, 8, 13, 3, '2019-09-14 01:14:41', '2019-09-14 01:14:41'),
(61, 'nostrum', 'Iure est animi minima excepturi sequi est dignissimos. Voluptas perspiciatis autem aperiam aliquid ut consequuntur. Ut ea nam sit excepturi molestiae laborum. Beatae aut voluptate unde voluptatum.', 654, 3, 5, 2, '2019-09-14 01:14:41', '2019-09-14 01:14:41'),
(62, 'earum', 'Sunt sunt corporis consequatur ullam. Et ducimus amet sapiente impedit itaque.', 691, 9, 23, 3, '2019-09-14 01:14:41', '2019-09-14 01:14:41'),
(63, 'eaque', 'Quam quas magnam placeat quia quod. Esse ut quasi ut minus. Exercitationem aut omnis earum ab unde. Temporibus qui omnis aspernatur ab inventore quos aut. Ut ipsa accusamus labore id consequatur est.', 444, 6, 6, 3, '2019-09-14 01:14:41', '2019-09-14 01:14:41'),
(64, 'vitae', 'Autem recusandae quasi totam deserunt. Sed nulla aliquam adipisci quo ipsum et. Aut omnis repudiandae sunt veniam.', 998, 7, 24, 3, '2019-09-14 01:14:41', '2019-09-14 01:14:41'),
(65, 'qui', 'Voluptas id consectetur fugiat animi officiis ex hic. Quisquam alias provident pariatur et voluptas voluptates. Explicabo accusantium ipsam qui autem et unde et.', 224, 0, 14, 2, '2019-09-14 01:14:41', '2019-09-14 01:14:41'),
(66, 'est', 'Doloremque minima qui dolor ipsum unde qui dolor ducimus. Porro fugit aut dolorum cumque rem laboriosam. Delectus facilis voluptate et quis sit rerum rerum. Est est itaque rem repellendus minima molestiae.', 667, 5, 22, 2, '2019-09-14 01:14:41', '2019-09-14 01:14:41'),
(67, 'vel', 'Optio veniam neque repellendus et et. Laudantium illo et quis perspiciatis error consectetur cupiditate doloribus.', 925, 2, 29, 2, '2019-09-14 01:14:41', '2019-09-14 01:14:41'),
(68, 'vitae', 'Animi non at repudiandae cumque architecto. Voluptas adipisci porro aut aspernatur delectus molestiae repellat. Explicabo ut quia et sed.', 657, 7, 12, 3, '2019-09-14 01:14:41', '2019-09-14 01:14:41'),
(69, 'consequatur', 'Et earum placeat aut. Libero quia neque facere nemo praesentium consequatur. Non qui quaerat eligendi exercitationem fuga et.', 651, 9, 5, 5, '2019-09-14 01:14:41', '2019-09-14 01:14:41'),
(70, 'architecto', 'Eum cumque aliquam commodi id ut voluptatem. Aperiam dolor repellat et doloribus eos aut. Tempore mollitia ut quia sit. Sequi quia et et officia officia.', 773, 5, 28, 1, '2019-09-14 01:14:41', '2019-09-14 01:14:41'),
(71, 'illum', 'Adipisci inventore cumque fuga qui est. Facilis rerum eum unde consequuntur aut asperiores officia. Ut id corrupti enim aperiam vitae. A nihil quisquam dicta inventore recusandae exercitationem.', 751, 3, 18, 2, '2019-09-14 01:14:41', '2019-09-14 01:14:41'),
(72, 'qui', 'Quas distinctio sequi maxime quod tempora iusto et commodi. Totam necessitatibus accusamus corporis impedit commodi animi. Aut minima aut voluptas tempora ratione odio. Rerum quis culpa sed similique earum qui.', 312, 5, 27, 3, '2019-09-14 01:14:41', '2019-09-14 01:14:41'),
(73, 'nulla', 'Omnis exercitationem fuga repellendus magni odio nihil qui sequi. Optio nobis cum quis maxime.', 276, 1, 19, 4, '2019-09-14 01:14:41', '2019-09-14 01:14:41'),
(74, 'ratione', 'Sit dolor qui aut sed. Velit ut officiis autem. Consectetur iusto voluptatum dolores est ab aut delectus.', 506, 9, 20, 1, '2019-09-14 01:14:41', '2019-09-14 01:14:41'),
(75, 'nihil', 'Voluptatum ut labore non. Aut aut sit possimus quos rerum quisquam corrupti. Quo maiores iure accusamus tempore dolores nostrum.', 844, 4, 27, 3, '2019-09-14 01:14:41', '2019-09-14 01:14:41'),
(76, 'ut', 'Sed consectetur maiores itaque natus et. In deleniti unde est aut quam.', 121, 2, 26, 5, '2019-09-14 01:14:41', '2019-09-14 01:14:41'),
(77, 'nobis', 'Consequatur ipsam unde numquam harum possimus suscipit sunt. Nobis temporibus dolores quasi mollitia omnis ut.', 265, 6, 29, 4, '2019-09-14 01:14:41', '2019-09-14 01:14:41'),
(78, 'corrupti', 'Sint quia earum cumque sint. Porro dolores maxime exercitationem enim neque voluptatum. Minus perferendis voluptas est autem excepturi.', 347, 2, 29, 3, '2019-09-14 01:14:41', '2019-09-14 01:14:41'),
(79, 'molestiae', 'Reiciendis aut veniam culpa eum veniam qui. Ad ratione est distinctio minus.', 451, 8, 6, 4, '2019-09-14 01:14:41', '2019-09-14 01:14:41'),
(80, 'voluptatem', 'Enim eaque dolor qui eum facere non praesentium. Rerum eum quas et sed voluptatem nisi iste id. Voluptate non asperiores facere ut maxime. Ullam consectetur ut dolorem eum ducimus aut.', 269, 1, 12, 3, '2019-09-14 01:14:41', '2019-09-14 01:14:41'),
(81, 'non', 'Aspernatur et culpa aspernatur eum odit vel qui nostrum. Iure maiores qui et sunt totam. Quis sed suscipit laborum praesentium. Dignissimos consequuntur eos veniam.', 199, 8, 12, 3, '2019-09-14 01:14:41', '2019-09-14 01:14:41'),
(82, 'ipsum', 'Ipsum molestias nam harum est autem esse. Sed ut porro enim deleniti. Nihil sunt vero sapiente earum in vel consequatur.', 235, 1, 27, 1, '2019-09-14 01:14:41', '2019-09-14 01:14:41'),
(83, 'consequuntur', 'Dicta aut labore nisi accusamus dignissimos repellendus. Et qui eius in nisi. Ea illum enim minus ea quaerat maiores. Omnis rerum tempora quia est.', 717, 9, 11, 3, '2019-09-14 01:14:41', '2019-09-14 01:14:41'),
(84, 'unde', 'Dolores eligendi dolores ipsa ipsa. Voluptas eius eaque ratione provident in provident eligendi. Illo rerum corporis rerum molestias quia harum.', 773, 2, 29, 2, '2019-09-14 01:14:41', '2019-09-14 01:14:41'),
(85, 'fugit', 'Repellat laudantium autem atque cupiditate cum inventore hic. Earum alias provident iste quia suscipit in neque quia. Est deleniti cumque et dolor sequi.', 836, 9, 9, 5, '2019-09-14 01:14:41', '2019-09-14 01:14:41'),
(86, 'dolores', 'Repudiandae et quidem molestiae aut. Possimus hic eius est asperiores cupiditate tenetur. Dolor quibusdam qui culpa voluptate. Qui distinctio non totam.', 149, 6, 2, 1, '2019-09-14 01:14:41', '2019-09-14 01:14:41'),
(87, 'quia', 'Qui explicabo quis unde molestiae velit eaque. Possimus et quia tempora facere et architecto. Commodi libero temporibus qui nulla quia. Aut rerum consequatur ipsam architecto sapiente consequuntur doloremque.', 266, 4, 29, 1, '2019-09-14 01:14:41', '2019-09-14 01:14:41'),
(88, 'odio', 'Delectus omnis repudiandae quae nihil quis. Consequatur inventore a magnam repellendus molestiae reiciendis unde. Eos ducimus optio doloribus aut ex provident et. Facere tempora non dolorem et.', 348, 0, 13, 2, '2019-09-14 01:14:41', '2019-09-14 01:14:41'),
(89, 'cupiditate', 'Quas totam sunt quia. Dolor est dolor similique. Soluta architecto nihil explicabo ipsum ipsa at. Et voluptas et temporibus et qui unde vero sit.', 827, 2, 7, 2, '2019-09-14 01:14:41', '2019-09-14 01:14:41'),
(90, 'laboriosam', 'Soluta modi aut eveniet velit neque rem. Ducimus distinctio deserunt et rem. Aspernatur quia voluptatibus repellendus distinctio error accusamus nihil. Debitis odit voluptatem atque voluptas aliquam quasi omnis.', 540, 1, 30, 1, '2019-09-14 01:14:41', '2019-09-14 01:14:41'),
(91, 'modi', 'Facilis et vel ipsum ipsum et. Qui vero delectus quis at exercitationem expedita voluptatibus. Exercitationem est perspiciatis ad mollitia nihil amet quaerat. Sunt cum culpa placeat consequatur amet sit molestiae.', 226, 9, 22, 1, '2019-09-14 01:14:41', '2019-09-14 01:14:41'),
(92, 'quos', 'Enim soluta ex officia possimus commodi rem accusantium. Nobis enim aut est nam. Distinctio est fugiat debitis ratione ut eos velit. Voluptatibus autem impedit nisi vero.', 332, 7, 3, 5, '2019-09-14 01:14:41', '2019-09-14 01:14:41'),
(93, 'impedit', 'Consequatur sunt aut rerum est. Eveniet aspernatur vero dolor minima magnam. Aperiam aut ad quaerat occaecati repellendus ea. Cum debitis voluptatem occaecati at.', 604, 2, 3, 2, '2019-09-14 01:14:41', '2019-09-14 01:14:41'),
(94, 'vero', 'Et et numquam maiores temporibus voluptatibus quo totam. Laudantium eum laboriosam aperiam. Adipisci voluptas qui rerum aperiam ut iusto aperiam. Accusantium est a aspernatur est placeat maxime.', 706, 0, 6, 2, '2019-09-14 01:14:41', '2019-09-14 01:14:41'),
(95, 'quas', 'Placeat ratione temporibus impedit dignissimos at voluptatem non dolores. Maiores quia numquam dolore. Occaecati dolorum pariatur dolor enim facilis. Rerum est tempore officiis ut vitae alias voluptatum. Vero et officia alias.', 731, 5, 19, 2, '2019-09-14 01:14:41', '2019-09-14 01:14:41'),
(96, 'possimus', 'Sunt quam ducimus corporis pariatur. Eos assumenda asperiores deleniti dignissimos voluptates. Dolorum aut ad sit voluptates et maxime praesentium.', 415, 6, 8, 2, '2019-09-14 01:14:41', '2019-09-14 01:14:41'),
(97, 'distinctio', 'Aut asperiores enim aut laboriosam ea optio asperiores. Eum et aliquid atque illum. Ab magnam est dolores quia ut.', 620, 0, 3, 3, '2019-09-14 01:14:41', '2019-09-14 01:14:41'),
(98, 'enim', 'Sit et esse omnis illo. Quibusdam molestiae et voluptatem officia et ab. Porro nesciunt magnam ea quibusdam dolore animi quod.', 371, 7, 19, 5, '2019-09-14 01:14:41', '2019-09-14 01:14:41'),
(99, 'voluptatem', 'Pariatur mollitia laborum beatae quis. Excepturi et atque et sapiente doloribus id in. Ut vel veniam vel. Aut rerum repudiandae suscipit. Distinctio illum ipsam asperiores.', 518, 1, 14, 4, '2019-09-14 01:14:41', '2019-09-14 01:14:41'),
(100, 'nostrum', 'Corporis reprehenderit quasi praesentium rem nisi qui fuga. Reprehenderit et earum autem doloribus atque. Voluptate commodi necessitatibus ea quia quidem. Aliquid aut id ut nihil.', 241, 8, 20, 2, '2019-09-14 01:14:41', '2019-09-14 01:14:41');

-- --------------------------------------------------------

--
-- Table structure for table `reviews`
--

DROP TABLE IF EXISTS `reviews`;
CREATE TABLE IF NOT EXISTS `reviews` (
  `id` bigint(20) UNSIGNED NOT NULL AUTO_INCREMENT,
  `product_id` int(10) UNSIGNED NOT NULL,
  `customer` varchar(191) COLLATE utf8mb4_unicode_ci NOT NULL,
  `review` text COLLATE utf8mb4_unicode_ci NOT NULL,
  `star` int(11) NOT NULL,
  `created_at` timestamp NULL DEFAULT NULL,
  `updated_at` timestamp NULL DEFAULT NULL,
  PRIMARY KEY (`id`),
  KEY `reviews_product_id_index` (`product_id`)
) ENGINE=MyISAM AUTO_INCREMENT=304 DEFAULT CHARSET=utf8mb4 COLLATE=utf8mb4_unicode_ci;

--
-- Dumping data for table `reviews`
--

INSERT INTO `reviews` (`id`, `product_id`, `customer`, `review`, `star`, `created_at`, `updated_at`) VALUES
(1, 85, 'Estell Rowe MD', 'Officia ea et est et et. Eum magnam quo maxime. Voluptatem nulla aut repellat maiores libero ullam fugit.', 2, '2019-09-14 01:14:41', '2019-09-14 01:14:41'),
(2, 43, 'Liam Goldner Sr.', 'Aut corrupti quo ducimus. Porro ut animi voluptatum provident. Vel consectetur enim numquam doloremque quae. Ut quod maxime nulla nobis ipsa sed fuga quasi. Placeat et earum incidunt aut non vero.', 4, '2019-09-14 01:14:41', '2019-09-14 01:14:41'),
(3, 100, 'Annalise Lang', 'Sed vitae perspiciatis exercitationem sunt. Quaerat quo sed aut pariatur nam. Qui quaerat labore assumenda odit. Ullam et velit eum possimus nihil vitae et reprehenderit.', 4, '2019-09-14 01:14:41', '2019-09-14 01:14:41'),
(4, 45, 'Fabian Gaylord', 'In iusto nesciunt quisquam occaecati qui. A aliquid in vitae voluptas ut. Iure molestias nesciunt dolor.', 3, '2019-09-14 01:14:41', '2019-09-14 01:14:41'),
(5, 2, 'Consuelo Dibbert', 'Eos dolorem recusandae eligendi et reiciendis consequatur. In et aut hic molestias molestiae illum. Aspernatur recusandae nam sit expedita commodi assumenda accusamus.', 4, '2019-09-14 01:14:41', '2019-09-14 01:14:41'),
(6, 85, 'Else DuBuque', 'Quo et fuga eos ullam molestias. Consequatur recusandae laudantium animi dolor aut. Modi molestiae explicabo tempore quae qui facere voluptatem. Molestiae repellendus numquam et laborum pariatur esse. Voluptas porro eos vero quibusdam occaecati quia aut.', 1, '2019-09-14 01:14:41', '2019-09-14 01:14:41'),
(7, 9, 'Gus Rogahn', 'Fugiat repellat quia voluptas ea incidunt iste dolore voluptatibus. Recusandae commodi quia placeat itaque. Eum ullam quia molestiae quaerat voluptatem soluta eveniet.', 0, '2019-09-14 01:14:41', '2019-09-14 01:14:41'),
(8, 98, 'Mr. Robbie Brown MD', 'Eius et quos voluptas accusamus. Tempora quia sed est quo quam ex. Blanditiis nisi nisi aut eum dolorum aut rem.', 5, '2019-09-14 01:14:41', '2019-09-14 01:14:41'),
(9, 78, 'Carmine DuBuque', 'Sit autem inventore labore neque ullam consequatur. In error cum modi debitis. Nam autem et numquam dolorem possimus doloremque. Eius voluptatem ut ut iusto autem.', 4, '2019-09-14 01:14:41', '2019-09-14 01:14:41'),
(10, 48, 'Jillian Simonis Sr.', 'Ut odio voluptas earum quis quas saepe doloremque. Consequatur ea perferendis voluptatum maiores. Qui distinctio ducimus eos cupiditate mollitia molestias. Eum nam soluta magni est. Excepturi saepe consequatur iure ipsam quam odio ad.', 1, '2019-09-14 01:14:41', '2019-09-14 01:14:41'),
(11, 88, 'Lucienne Prohaska', 'Dolorem incidunt delectus sunt non autem. Voluptates possimus aliquam voluptates error. Aut expedita doloremque id sed reiciendis.', 2, '2019-09-14 01:14:41', '2019-09-14 01:14:41'),
(12, 7, 'Luella Reichel', 'Veritatis aliquid tempore sequi at. Officiis ab in iusto laboriosam omnis. Voluptas iste quis similique libero.', 1, '2019-09-14 01:14:41', '2019-09-14 01:14:41'),
(13, 80, 'Mariam Bednar', 'Doloremque quas et sit error quis porro. Sunt veritatis eaque nihil id sed rerum. Omnis commodi aspernatur accusantium laudantium laboriosam. Odit labore saepe quibusdam tempora enim aut.', 0, '2019-09-14 01:14:41', '2019-09-14 01:14:41'),
(14, 38, 'Myles Bechtelar', 'Cumque rerum laboriosam enim rerum commodi. Explicabo ullam possimus omnis tenetur autem qui autem. Dignissimos recusandae alias aliquam itaque. Rerum accusantium tempora laborum.', 3, '2019-09-14 01:14:41', '2019-09-14 01:14:41'),
(15, 53, 'Dr. Luz Keeling', 'Quasi qui voluptatem dolorem est error. Assumenda aut molestiae blanditiis et fugit officia. Eum velit eligendi ullam mollitia quos quia.', 1, '2019-09-14 01:14:41', '2019-09-14 01:14:41'),
(16, 88, 'Jeramy Mann Sr.', 'Dolores sint labore quia sequi et reprehenderit. Nam sunt quibusdam ipsa veniam minima. Nisi ut molestias commodi aut dolorem officia animi.', 3, '2019-09-14 01:14:41', '2019-09-14 01:14:41'),
(17, 69, 'Alessia Pagac II', 'Voluptas commodi odit quia odit aliquid inventore iusto. Enim aut atque incidunt provident fugit veritatis. Ut commodi aut rerum nam ipsa iure harum.', 0, '2019-09-14 01:14:41', '2019-09-14 01:14:41'),
(18, 33, 'Jacynthe Cremin', 'Corrupti quasi voluptas aut quis consequatur eos. Sint amet atque excepturi et. Nostrum est dicta consequatur. Id ea repellendus est.', 1, '2019-09-14 01:14:41', '2019-09-14 01:14:41'),
(19, 9, 'Jacinthe Jacobi V', 'Repellendus aliquid cumque doloribus quis veniam distinctio est. Voluptas nostrum et odio amet. Provident quo dolorem fugit qui. Qui ipsam nihil asperiores asperiores.', 2, '2019-09-14 01:14:41', '2019-09-14 01:14:41'),
(20, 100, 'Alysa Reichel', 'Aperiam culpa sed ex occaecati hic doloremque qui sapiente. Et magni cumque veritatis reprehenderit.', 4, '2019-09-14 01:14:41', '2019-09-14 01:14:41'),
(21, 48, 'Demario Cruickshank', 'Qui quae nihil atque quisquam non vel id. Vitae aut vero corrupti accusantium. Perferendis voluptatum et eos debitis ullam. Modi sed explicabo eveniet amet.', 0, '2019-09-14 01:14:41', '2019-09-14 01:14:41'),
(22, 68, 'Jamarcus Ziemann', 'Velit iusto dolores aut dolor commodi rerum ad. Omnis doloribus doloremque tempora quam excepturi dolor.', 3, '2019-09-14 01:14:41', '2019-09-14 01:14:41'),
(23, 42, 'Prof. Madyson Miller Jr.', 'Possimus tenetur possimus ab animi non. Itaque et earum voluptas quidem. Consectetur qui nostrum consequuntur. Delectus dolor magnam et labore voluptatem voluptatem distinctio.', 3, '2019-09-14 01:14:41', '2019-09-14 01:14:41'),
(24, 52, 'Idella Hartmann', 'Voluptatibus distinctio quos quasi quam autem enim est unde. Quo quo dolores aut molestiae at. Pariatur aut aliquam quia.', 1, '2019-09-14 01:14:41', '2019-09-14 01:14:41'),
(25, 78, 'Creola Gerhold', 'Deleniti tenetur quaerat quis ipsa accusantium. Expedita id amet blanditiis omnis dolorum voluptatem. Iure tempore tempora dolores.', 4, '2019-09-14 01:14:41', '2019-09-14 01:14:41'),
(26, 41, 'Edna Nicolas', 'Doloremque ipsam quia consequatur exercitationem sit in reprehenderit. Quod ut non nisi praesentium. Ipsam quia consequuntur sint voluptas nulla.', 3, '2019-09-14 01:14:41', '2019-09-14 01:14:41'),
(27, 13, 'Dr. Amely Cronin V', 'Ipsam pariatur qui velit repellat autem laudantium. Repellendus quae doloribus est non nam sequi distinctio. Eaque veritatis quasi sed iusto repellendus accusamus.', 0, '2019-09-14 01:14:41', '2019-09-14 01:14:41'),
(28, 83, 'Dr. Stanley Buckridge DDS', 'Earum velit quo eligendi dolor exercitationem at quo. Rem iusto dicta neque eveniet cum rerum quod fuga. Pariatur vitae id et.', 0, '2019-09-14 01:14:41', '2019-09-14 01:14:41'),
(29, 16, 'Mr. Wilfredo Ryan V', 'Molestias distinctio autem quis velit atque. Veritatis et sunt quae voluptate laudantium. Itaque totam rerum nihil pariatur aliquam.', 2, '2019-09-14 01:14:41', '2019-09-14 01:14:41'),
(30, 99, 'Rachel Parisian I', 'Deleniti et voluptatem sed eaque quia eaque corrupti. Architecto non modi impedit quia ea omnis minus iste. Asperiores nostrum aut nesciunt et vero odit consequatur. Sed dolor inventore delectus praesentium suscipit.', 2, '2019-09-14 01:14:41', '2019-09-14 01:14:41'),
(31, 93, 'Vita Kozey', 'Hic illum doloribus aspernatur et neque magnam eum illo. Explicabo qui explicabo voluptatem debitis. Fugit vero atque ea incidunt.', 0, '2019-09-14 01:14:41', '2019-09-14 01:14:41'),
(32, 44, 'Bennett Hills', 'Voluptates iure repellat fugit a et et. Tempore architecto rerum voluptatem nihil doloribus voluptatem sapiente id. Ut ducimus quo non rerum est. Aut et repudiandae fugiat nesciunt eum.', 0, '2019-09-14 01:14:41', '2019-09-14 01:14:41'),
(33, 92, 'Gia Kuphal III', 'Ad dolor facere vero facere. Repellendus sint aliquid ab mollitia aut ut. Deserunt sit quia in voluptas. Non magnam veritatis accusamus magni illo.', 3, '2019-09-14 01:14:41', '2019-09-14 01:14:41'),
(34, 95, 'Kristian Wilkinson', 'Quaerat eos impedit perferendis ut. Sed iste sed fugiat.', 1, '2019-09-14 01:14:41', '2019-09-14 01:14:41'),
(35, 1, 'Dr. Horace Wiegand', 'Nemo distinctio magnam molestiae ut. Est et placeat hic hic sit. Atque voluptas quis itaque dolorum deleniti molestiae eaque sequi.', 2, '2019-09-14 01:14:41', '2019-09-14 01:14:41'),
(36, 83, 'Ayla Kozey', 'Qui sit quibusdam reprehenderit sed esse itaque quas. Exercitationem hic et aut autem. Deleniti maiores molestiae voluptas expedita beatae.', 1, '2019-09-14 01:14:41', '2019-09-14 01:14:41'),
(37, 94, 'Emie Osinski', 'Saepe cupiditate expedita consequatur rerum labore. Magni a reiciendis et et et dolorum.', 1, '2019-09-14 01:14:41', '2019-09-14 01:14:41'),
(38, 97, 'Rock', 'Bad product', 1, '2019-09-14 01:14:41', '2019-09-14 02:31:59'),
(39, 11, 'Hiram Runolfsson', 'Modi cumque rerum explicabo occaecati magnam voluptas molestias. Qui impedit eum corporis officiis nihil. Officia totam cupiditate omnis et rerum aliquam.', 1, '2019-09-14 01:14:41', '2019-09-14 01:14:41'),
(40, 31, 'Alicia Wuckert', 'Sint assumenda sit culpa. Aut enim possimus deserunt libero beatae est debitis. Est in animi autem dignissimos beatae voluptates. Soluta debitis omnis illo odit sequi sit ducimus. Autem dolores in neque nihil qui earum eos.', 3, '2019-09-14 01:14:41', '2019-09-14 01:14:41'),
(41, 95, 'Hyman Kiehn', 'Facilis enim dolorum velit modi iusto. Iusto nihil nam impedit non minus architecto dolorem.', 2, '2019-09-14 01:14:41', '2019-09-14 01:14:41'),
(42, 9, 'Mathias Halvorson V', 'Nobis placeat eum est ut accusamus fugit. Minus ut quas explicabo enim odit ut. Delectus quisquam itaque modi aut.', 5, '2019-09-14 01:14:41', '2019-09-14 01:14:41'),
(43, 36, 'Alycia Cremin', 'Laborum aliquid et nostrum necessitatibus cum. Asperiores quam molestias sunt in. Molestiae aliquid sunt et.', 0, '2019-09-14 01:14:41', '2019-09-14 01:14:41'),
(44, 95, 'Dr. Rickey Haag', 'Voluptas eveniet tenetur consequuntur dolores reiciendis qui impedit. Ipsam hic ipsa neque aut est. Non eveniet veniam in.', 3, '2019-09-14 01:14:41', '2019-09-14 01:14:41'),
(45, 32, 'Dr. Cloyd Gerhold', 'Dolorum beatae iusto eius aut deserunt dolorum. Labore et hic quas minus qui sint. Est recusandae laudantium aspernatur illo dignissimos. Delectus soluta accusantium hic qui natus voluptatem.', 5, '2019-09-14 01:14:41', '2019-09-14 01:14:41'),
(46, 41, 'Glennie Pollich', 'Consequatur quo repudiandae neque aut magni praesentium sunt. Ratione mollitia error et dolor qui eum. Molestiae iste dicta eligendi est. Eius commodi natus nobis sit qui fugit expedita quasi.', 4, '2019-09-14 01:14:41', '2019-09-14 01:14:41'),
(47, 76, 'Maverick Lubowitz', 'Unde consequuntur atque inventore sapiente. Mollitia repellendus qui enim deleniti. Necessitatibus velit accusantium maxime odio ut consequatur.', 2, '2019-09-14 01:14:41', '2019-09-14 01:14:41'),
(48, 15, 'Mr. Frankie O\'Conner II', 'Vel voluptas est eveniet. Officia in asperiores laudantium dolores non. Possimus nam doloremque libero.', 1, '2019-09-14 01:14:41', '2019-09-14 01:14:41'),
(49, 21, 'Christop Kautzer', 'Aut ipsam et illo architecto deserunt enim et. Necessitatibus veniam aliquid sint earum numquam.', 5, '2019-09-14 01:14:41', '2019-09-14 01:14:41'),
(50, 71, 'Fiona Turner', 'Nobis ut alias in ea non magni asperiores. Ipsum perferendis quae in eaque ut. Sapiente omnis temporibus id.', 3, '2019-09-14 01:14:41', '2019-09-14 01:14:41'),
(51, 85, 'Jaylin Russel', 'Similique doloribus fuga quis. Suscipit tempora possimus ipsa laboriosam velit. Placeat ducimus temporibus qui quibusdam perspiciatis. Eum dolorem est et tempore et.', 3, '2019-09-14 01:14:41', '2019-09-14 01:14:41'),
(52, 46, 'Erick Hackett V', 'Alias soluta et est officia voluptatem eos. Aut impedit doloremque rerum iusto tempore.', 3, '2019-09-14 01:14:41', '2019-09-14 01:14:41'),
(53, 28, 'Eladio Keeling MD', 'Accusantium dolorem sed iste et numquam. Animi harum tempora voluptas voluptas. Veniam est et facere. Magni velit placeat quis necessitatibus. Dolorum nesciunt et quod provident dolor.', 4, '2019-09-14 01:14:41', '2019-09-14 01:14:41'),
(54, 11, 'Ashton Murphy', 'Aut optio nam accusantium aut. Libero laboriosam eum quia et quia vitae et aut. Et consequatur sed non itaque consequuntur provident. Laborum non sit debitis perferendis optio voluptatibus esse. Ea quisquam eum omnis eum ut rerum.', 5, '2019-09-14 01:14:41', '2019-09-14 01:14:41'),
(55, 35, 'Christiana Rath', 'Non rerum qui aut. Aliquam quos molestiae doloremque. Aut incidunt provident doloribus ipsam voluptate veritatis consequatur.', 3, '2019-09-14 01:14:41', '2019-09-14 01:14:41'),
(56, 73, 'Skylar Bosco', 'Rerum numquam esse rerum et laborum. Quia porro et quia suscipit praesentium est voluptatem. Dolorum error et sapiente aut.', 5, '2019-09-14 01:14:41', '2019-09-14 01:14:41'),
(57, 79, 'Johnnie Bradtke', 'Aperiam corrupti suscipit quia. Earum consequuntur odit doloribus modi voluptatem. Delectus quaerat illum aliquid.', 0, '2019-09-14 01:14:41', '2019-09-14 01:14:41'),
(58, 73, 'Name Batz', 'Et eum voluptate ab at consequatur est. Quisquam cum et necessitatibus assumenda explicabo eaque beatae asperiores. Dolorem ea in optio alias voluptatem eveniet neque quia. Quia consequatur et pariatur et consequatur quidem voluptatibus.', 4, '2019-09-14 01:14:41', '2019-09-14 01:14:41'),
(59, 84, 'Shanon Gerlach MD', 'Totam temporibus odio quo quidem. Quia molestiae perspiciatis voluptate soluta. Veritatis blanditiis ea saepe aliquam totam et consequatur. Quidem voluptatem explicabo sunt ea neque beatae. Ut est aspernatur architecto ab iure quae omnis.', 1, '2019-09-14 01:14:41', '2019-09-14 01:14:41'),
(60, 66, 'Dovie Krajcik', 'Nemo cumque sed itaque laborum sint fugit at autem. Voluptatem et optio laudantium rerum beatae corporis. Culpa quas et alias accusamus ipsum ut eveniet.', 1, '2019-09-14 01:14:41', '2019-09-14 01:14:41'),
(61, 31, 'Prof. Heath Torp', 'Ipsam minus adipisci qui omnis. Qui ut maiores ad eos reprehenderit est. Minus saepe vitae reiciendis. Magnam voluptatem atque quis in dolorem dolorum.', 1, '2019-09-14 01:14:41', '2019-09-14 01:14:41'),
(62, 94, 'Dr. Uriel Ward', 'Dolorum ad explicabo facere veniam eveniet. Blanditiis sunt sint vero fugit.', 1, '2019-09-14 01:14:41', '2019-09-14 01:14:41'),
(63, 10, 'Sasha Dare', 'Animi autem molestias ut dolorum. Velit quaerat sapiente et dolorem. Et assumenda consequatur vitae nostrum qui dolor. Consequatur eum debitis minus molestiae omnis. Esse voluptas quia sit fuga.', 3, '2019-09-14 01:14:41', '2019-09-14 01:14:41'),
(64, 59, 'Jedediah Romaguera', 'Sed qui dolorum delectus quia. Dolores dolorem fuga excepturi voluptatem dolores consequuntur nisi. Id nostrum delectus id accusamus.', 0, '2019-09-14 01:14:41', '2019-09-14 01:14:41'),
(65, 71, 'Mr. Gayle Langosh', 'Aut quidem sit odit laborum laboriosam incidunt. Similique dolor dicta aspernatur sint sequi blanditiis est. Enim perspiciatis cupiditate aut vel id facilis.', 0, '2019-09-14 01:14:41', '2019-09-14 01:14:41'),
(66, 93, 'Vinnie Miller', 'Officia quaerat voluptas maxime et enim repudiandae expedita. Vitae vitae odit aperiam quae veritatis. Quia eos mollitia qui aliquid harum ab. Quia placeat omnis quis illo aspernatur cupiditate voluptatem. Eos neque sint natus suscipit officia voluptates aut.', 4, '2019-09-14 01:14:41', '2019-09-14 01:14:41'),
(67, 82, 'Liam Corkery', 'Aut cum recusandae debitis sit perferendis. Non voluptas officia et qui veniam. Reprehenderit repudiandae sit aliquam veniam et rerum in.', 2, '2019-09-14 01:14:41', '2019-09-14 01:14:41'),
(68, 98, 'Kirk Conroy', 'Occaecati non et beatae nemo mollitia eum autem. Nesciunt optio est provident sapiente nihil consequuntur. Reiciendis ab et consectetur magnam ipsam. Quos consectetur dolorum deserunt quo qui accusamus autem. Quis autem consequuntur aut dolorum illo aliquid voluptas.', 4, '2019-09-14 01:14:41', '2019-09-14 01:14:41'),
(69, 7, 'Jerald Weber', 'Numquam odit minus totam laboriosam corrupti. Quo ea et aspernatur ea. Velit veniam voluptates impedit et. Rerum aut recusandae molestias voluptas numquam.', 5, '2019-09-14 01:14:41', '2019-09-14 01:14:41'),
(70, 28, 'Janessa Strosin III', 'Voluptate ipsa qui rem nam. Laborum adipisci est inventore vel porro earum. Repudiandae voluptatem est atque perspiciatis facilis. Quibusdam vero eos iusto quibusdam minus fugiat nulla.', 2, '2019-09-14 01:14:41', '2019-09-14 01:14:41'),
(71, 66, 'Prof. Elvera Wisozk III', 'Est sed molestiae omnis corrupti. Dolor est aliquam delectus aliquid quia omnis. Velit nam voluptate ab nostrum sed nostrum. Laborum sit aut a officiis fugiat ullam sit.', 0, '2019-09-14 01:14:41', '2019-09-14 01:14:41'),
(72, 47, 'Candice Davis', 'Omnis atque tenetur repellat non similique architecto. Illum ut illum aliquid porro. Ducimus qui sit accusantium harum adipisci magnam laudantium. Amet esse quae totam et est recusandae omnis.', 3, '2019-09-14 01:14:41', '2019-09-14 01:14:41'),
(73, 24, 'Donna Fay', 'Aut dolorem tempore laborum cum id consectetur. Soluta nulla nostrum perferendis vitae. Beatae vitae dolorum impedit aut ducimus cumque quisquam blanditiis.', 3, '2019-09-14 01:14:41', '2019-09-14 01:14:41'),
(74, 19, 'Charlotte Lind', 'Amet accusamus quis est nisi tempora doloremque. Culpa cupiditate laboriosam dolorum incidunt recusandae sed quis. Nulla recusandae eum maxime atque nihil adipisci hic. In eum fugit et nisi excepturi suscipit saepe.', 2, '2019-09-14 01:14:41', '2019-09-14 01:14:41'),
(75, 47, 'Lavern Schaefer', 'Autem et et error quae reiciendis atque. Recusandae dolorem molestiae tenetur. Minima aliquid ut impedit soluta minima.', 1, '2019-09-14 01:14:41', '2019-09-14 01:14:41'),
(76, 90, 'Adonis Senger', 'Sed id est eaque aperiam hic. Quibusdam corrupti est voluptatibus. Autem optio non mollitia eveniet vel in.', 2, '2019-09-14 01:14:41', '2019-09-14 01:14:41'),
(77, 96, 'Lenora Satterfield', 'Voluptatum voluptates est vel est nesciunt dolorem dicta veniam. Aspernatur non explicabo ipsa. Veniam voluptatem dignissimos quia consectetur illo aliquam.', 5, '2019-09-14 01:14:41', '2019-09-14 01:14:41'),
(78, 94, 'Bradford Parker', 'Et qui pariatur nemo eos totam. Sint qui odit iure reprehenderit odio quasi. Soluta unde nostrum amet eos eius.', 0, '2019-09-14 01:14:41', '2019-09-14 01:14:41'),
(79, 86, 'Lessie Funk', 'Dolores suscipit recusandae et ut exercitationem velit et. Fuga in exercitationem possimus beatae voluptas aut ratione eveniet. Rerum ut animi dolores quibusdam.', 0, '2019-09-14 01:14:41', '2019-09-14 01:14:41'),
(80, 66, 'Caitlyn Lockman Jr.', 'Tempora neque sed deleniti sed dolorem quibusdam ducimus. Repellendus assumenda et voluptate consequatur reiciendis nesciunt enim.', 5, '2019-09-14 01:14:41', '2019-09-14 01:14:41'),
(81, 95, 'Prof. Derick Lindgren DDS', 'Sit ratione dolore rerum repellendus voluptatem. Enim animi dicta cupiditate ab reprehenderit eos. Odio aut culpa doloribus mollitia dolore quo.', 5, '2019-09-14 01:14:41', '2019-09-14 01:14:41'),
(82, 54, 'Lester Lesch I', 'Repudiandae qui maiores deleniti sit non aut. Cupiditate rerum sed error ipsa qui aliquid quas. A inventore est vero nesciunt et.', 5, '2019-09-14 01:14:41', '2019-09-14 01:14:41'),
(83, 68, 'Gene Okuneva', 'Labore est necessitatibus est est rerum sequi. Dolorem voluptatem quaerat est officia ullam tempore et. Voluptatem vitae inventore dolorem quia magnam sunt. Vitae sit distinctio perferendis provident omnis.', 1, '2019-09-14 01:14:41', '2019-09-14 01:14:41'),
(84, 40, 'Estrella Gusikowski III', 'Enim earum quo atque similique fuga perferendis aliquam. Facilis non delectus debitis laudantium. Ea perspiciatis ex non quis molestias voluptas magni ut. Et quia exercitationem porro asperiores.', 3, '2019-09-14 01:14:41', '2019-09-14 01:14:41'),
(85, 55, 'Jermain Jerde', 'Voluptates omnis expedita earum sed praesentium eos et fugiat. Perferendis veniam possimus facere iure corporis animi facere. Quod cum quo nobis nisi. Quae laboriosam asperiores dolores.', 4, '2019-09-14 01:14:41', '2019-09-14 01:14:41'),
(86, 100, 'Noble O\'Conner', 'Iure corrupti quia consequatur dignissimos labore. Dolorem doloribus facilis ea. Cupiditate molestias exercitationem aliquid modi vero in sit. Et distinctio rerum tenetur assumenda et ab.', 3, '2019-09-14 01:14:41', '2019-09-14 01:14:41'),
(87, 47, 'Art Ward', 'Cupiditate laborum accusantium qui non voluptas. Maxime unde iure quo. Ducimus autem est sunt blanditiis explicabo nihil.', 5, '2019-09-14 01:14:41', '2019-09-14 01:14:41'),
(88, 5, 'Ola Leffler', 'Laudantium omnis praesentium delectus. Qui quibusdam eveniet qui eum velit enim. Iure sunt iure necessitatibus fugiat.', 0, '2019-09-14 01:14:41', '2019-09-14 01:14:41'),
(89, 68, 'Gwendolyn Crist', 'Quae veritatis cumque harum cum. Ipsam non quo perspiciatis quidem omnis nulla vero. Dicta recusandae porro odit alias nobis perferendis. Repellendus quibusdam magni optio fugiat voluptatem non reprehenderit esse. Aliquam et eaque blanditiis velit ullam expedita.', 1, '2019-09-14 01:14:41', '2019-09-14 01:14:41'),
(90, 56, 'Gertrude Runte', 'Sint provident aut eum neque. Alias tempore nostrum alias nisi. Iure qui veritatis molestiae praesentium aut aut.', 5, '2019-09-14 01:14:41', '2019-09-14 01:14:41'),
(91, 12, 'Dr. Quincy Roob', 'Ducimus voluptatem impedit quia eos magni optio. Ratione architecto omnis minus maxime. Cupiditate delectus explicabo omnis mollitia iure.', 1, '2019-09-14 01:14:41', '2019-09-14 01:14:41'),
(92, 97, 'Prof. Mallie Rolfson', 'Natus officia nesciunt expedita. Similique voluptates sequi et soluta reiciendis. Voluptates voluptatem sequi eligendi quisquam aut cupiditate eveniet.', 1, '2019-09-14 01:14:41', '2019-09-14 01:14:41'),
(93, 64, 'Monroe Sawayn Jr.', 'A dolorem perspiciatis quia dignissimos tempore possimus non. Illo sed laudantium voluptas deserunt est iure. Rerum aliquam aliquam voluptas nemo consequuntur nisi ut.', 3, '2019-09-14 01:14:41', '2019-09-14 01:14:41'),
(94, 30, 'Claude Predovic', 'Repellat aut qui aspernatur eos nemo. Unde sequi expedita blanditiis ipsum quia. Dolorem natus veniam velit impedit neque eos nostrum. Ut consequatur enim alias aliquid et.', 3, '2019-09-14 01:14:41', '2019-09-14 01:14:41'),
(95, 39, 'Ms. Meaghan Metz', 'Ut sed voluptatem quis ratione et a rem. Odit qui non earum aspernatur rerum et. Vitae cumque quisquam eum omnis earum nam doloremque. Suscipit in blanditiis quod sit.', 4, '2019-09-14 01:14:41', '2019-09-14 01:14:41'),
(96, 54, 'Mr. Jeramie Walker', 'Non ullam sunt ad. Deserunt voluptatem veniam vel praesentium est enim.', 4, '2019-09-14 01:14:41', '2019-09-14 01:14:41'),
(97, 9, 'Prof. Arnoldo Russel', 'Ut quis consequatur vel quia voluptas cumque iure eligendi. Et id sit officia adipisci inventore beatae voluptas. Iusto ut enim magni necessitatibus vel ducimus facilis.', 2, '2019-09-14 01:14:41', '2019-09-14 01:14:41'),
(98, 52, 'Roberta Volkman IV', 'Est eius dicta ipsum aliquam fugiat soluta expedita. Sapiente rem quia voluptas eaque ut. Et numquam vel officiis.', 0, '2019-09-14 01:14:41', '2019-09-14 01:14:41'),
(99, 71, 'Mr. Rory Mills', 'Veniam ratione non ex aut. Eum consectetur nihil adipisci odit. Est atque maxime deleniti.', 0, '2019-09-14 01:14:41', '2019-09-14 01:14:41'),
(100, 24, 'Imani Beatty', 'Maiores asperiores est voluptas ullam est quibusdam. Architecto quidem ea voluptas possimus facilis laudantium rerum debitis. Totam sapiente in possimus illo qui labore.', 5, '2019-09-14 01:14:41', '2019-09-14 01:14:41'),
(101, 3, 'Andreane Bode', 'Illum cupiditate maiores ut fuga. Quia qui sunt eius quidem et suscipit qui. Dolor quibusdam et illum impedit nisi optio.', 0, '2019-09-14 01:14:41', '2019-09-14 01:14:41'),
(102, 94, 'Dillan Weimann Sr.', 'Magni aliquam expedita delectus non qui voluptatibus qui. Ea reiciendis tempore est laboriosam quisquam alias error. Distinctio aut in facere similique sint deleniti earum. Est quaerat vel rerum sed est sed.', 5, '2019-09-14 01:14:41', '2019-09-14 01:14:41'),
(103, 6, 'Dr. Connor Reynolds V', 'Id tenetur aut est impedit. Sequi nostrum qui est aut dolor. Quos illum est quas sapiente.', 5, '2019-09-14 01:14:41', '2019-09-14 01:14:41'),
(104, 48, 'Aryanna Bartell', 'Hic dolorum sit recusandae consequatur. Praesentium nisi repellat voluptate quia laboriosam veniam ut. Accusantium quia sunt consequuntur et sunt numquam. Ratione et sit quo nihil odit itaque veniam. Beatae placeat enim est possimus consequatur deserunt voluptas.', 1, '2019-09-14 01:14:41', '2019-09-14 01:14:41'),
(105, 55, 'Waldo McCullough II', 'Necessitatibus voluptas aut veritatis. At iure debitis consequatur est autem. Dolores neque nam placeat aperiam veritatis dolore.', 3, '2019-09-14 01:14:41', '2019-09-14 01:14:41'),
(106, 63, 'Madie Paucek DDS', 'Tenetur explicabo maiores eum modi cum consequatur. Mollitia perferendis voluptatem sed in dolor. Velit dicta tenetur maxime ullam molestiae.', 4, '2019-09-14 01:14:41', '2019-09-14 01:14:41'),
(107, 36, 'Dr. Fern Hagenes Jr.', 'Voluptatem ducimus temporibus voluptatem. Repudiandae quod est molestiae quo laudantium aut vel corporis. Distinctio nisi odit quo et ut aut eius ut.', 5, '2019-09-14 01:14:41', '2019-09-14 01:14:41'),
(108, 11, 'Carole Nitzsche', 'Nihil asperiores mollitia blanditiis corrupti aliquam blanditiis velit. Cumque a occaecati laudantium iste repellendus laborum reprehenderit. Quaerat et alias quas omnis. Sunt ut beatae aut deleniti pariatur ea sint.', 2, '2019-09-14 01:14:41', '2019-09-14 01:14:41'),
(109, 32, 'Lacey Volkman', 'Omnis sunt sed dolor qui. Et est omnis ullam cum nobis veritatis. Officia eos qui aperiam earum.', 3, '2019-09-14 01:14:41', '2019-09-14 01:14:41'),
(110, 90, 'Ms. Nettie Grant DDS', 'Doloremque aliquam quibusdam qui omnis ea ad fuga vitae. Rerum recusandae voluptate consequatur exercitationem cumque ipsa. Nobis voluptas doloremque similique.', 1, '2019-09-14 01:14:41', '2019-09-14 01:14:41'),
(111, 29, 'Giles Jacobi', 'Vero nostrum sapiente eum animi dolorem iste eum. Quasi eaque a omnis error. Assumenda magnam fugit dolorem occaecati nihil.', 5, '2019-09-14 01:14:41', '2019-09-14 01:14:41'),
(112, 5, 'Demarco Friesen IV', 'Nisi pariatur quia odio alias consequatur magni sit. Quas maxime eius fugiat et molestiae voluptatem consequatur.', 4, '2019-09-14 01:14:41', '2019-09-14 01:14:41'),
(113, 11, 'Prof. Tristian McLaughlin I', 'Eos maxime harum ullam in autem. Est vitae aut expedita exercitationem non. Id numquam nobis alias illum eaque expedita.', 5, '2019-09-14 01:14:41', '2019-09-14 01:14:41'),
(114, 34, 'Prof. Mariam Shanahan DDS', 'At optio delectus sunt non eum iure ullam consequuntur. Ipsum ex omnis non laudantium velit. Quam occaecati voluptatem asperiores voluptatem corrupti ut quo quo. Tempora iusto deleniti sit rem voluptatem ea.', 5, '2019-09-14 01:14:41', '2019-09-14 01:14:41'),
(115, 35, 'Prof. Dora Hauck', 'Soluta voluptatem eum consequuntur. Nihil in corrupti in eum quia. Sunt molestiae dolorum rerum voluptatem.', 1, '2019-09-14 01:14:41', '2019-09-14 01:14:41'),
(116, 66, 'Lina Tillman', 'Doloremque ipsam ducimus quisquam velit. Sunt debitis recusandae tempore voluptatem. Vel laboriosam doloremque ipsa autem nihil. Dolore suscipit molestiae voluptatem.', 0, '2019-09-14 01:14:41', '2019-09-14 01:14:41'),
(117, 41, 'Mr. Ola Towne', 'Dolores perferendis aut ut voluptas rerum. Quia ut delectus et eum quia numquam velit.', 5, '2019-09-14 01:14:41', '2019-09-14 01:14:41'),
(118, 86, 'Dr. Deonte Rippin', 'Ducimus aut placeat et nihil. Quia saepe ad voluptatem aspernatur. Natus sed beatae quisquam magni.', 4, '2019-09-14 01:14:41', '2019-09-14 01:14:41'),
(119, 90, 'Rebekah Effertz', 'Iure aut expedita sapiente eligendi ipsum qui. Libero aut ratione cumque voluptatem placeat debitis repellendus. Expedita tenetur consequuntur ullam aut. Voluptas quae impedit qui qui amet sed.', 2, '2019-09-14 01:14:41', '2019-09-14 01:14:41'),
(120, 28, 'Prof. Nelson Rutherford', 'Molestias sit dolorem fugiat facilis et et voluptas. Voluptates culpa fuga laudantium debitis placeat. Quaerat totam sed nostrum aut commodi voluptas. Dolorum tenetur est et aliquid ab quia.', 1, '2019-09-14 01:14:41', '2019-09-14 01:14:41'),
(121, 85, 'Mr. Roman Swift', 'Tempore rerum commodi repellat quaerat illum. Nobis molestiae temporibus sapiente dolor magnam consequatur. Fugiat et unde corrupti perferendis facere. Dolorem illo laboriosam ipsa.', 1, '2019-09-14 01:14:41', '2019-09-14 01:14:41'),
(122, 13, 'Annamarie Hoppe', 'Iure eius molestias similique illo nostrum asperiores. Sit at culpa ut ea ab quia. Ex est reprehenderit repudiandae non dolorem impedit et. Doloremque qui in voluptatem.', 0, '2019-09-14 01:14:41', '2019-09-14 01:14:41'),
(123, 30, 'Deon Pagac', 'Nulla enim dolorem labore excepturi consequatur. Sed non nobis in dolore ut repellendus et. Sunt consequatur quasi voluptatem expedita tempora rerum officiis.', 0, '2019-09-14 01:14:41', '2019-09-14 01:14:41'),
(124, 66, 'Leonard Predovic', 'Nihil magni numquam vero et tempore. Id vero qui maxime est ratione. Libero praesentium et ea maxime.', 2, '2019-09-14 01:14:41', '2019-09-14 01:14:41'),
(125, 8, 'Bella Stark', 'Voluptatem aperiam odit voluptate laboriosam. Iste quisquam natus est sed quia in porro. Enim sit laudantium aut dolores.', 3, '2019-09-14 01:14:41', '2019-09-14 01:14:41'),
(126, 20, 'Diana Mertz', 'Facere mollitia rerum rem incidunt. Quasi est perspiciatis sit dolore. Non et quae placeat explicabo.', 2, '2019-09-14 01:14:41', '2019-09-14 01:14:41'),
(127, 56, 'Margarete Kunde', 'Delectus odit expedita iusto quo tempora earum. Temporibus perspiciatis fugit maiores esse sit magni aliquam ea. Ut voluptas praesentium eos molestiae.', 0, '2019-09-14 01:14:41', '2019-09-14 01:14:41'),
(128, 20, 'Prof. Juwan Harris MD', 'Similique debitis sequi quae. Dignissimos excepturi aut esse consequatur corrupti. Est assumenda et enim quia eum sed a. Et magnam cumque modi consectetur similique et fugiat qui. Dolore molestias est rerum porro rerum eveniet ullam.', 1, '2019-09-14 01:14:41', '2019-09-14 01:14:41'),
(129, 94, 'Lavinia Kuhlman MD', 'Quo ad eaque ut dolorum. Iste eum ducimus eius voluptatem nemo non. Libero veritatis molestiae enim ipsa expedita omnis quia.', 2, '2019-09-14 01:14:41', '2019-09-14 01:14:41'),
(130, 18, 'Dejah Daugherty', 'Atque sit explicabo et consequatur. Nemo quaerat qui hic odit. Tempora cum dignissimos ullam.', 5, '2019-09-14 01:14:41', '2019-09-14 01:14:41'),
(131, 2, 'Dr. Ima Thiel Sr.', 'Cum velit velit consequuntur qui voluptatum. Eveniet aliquid repudiandae aut sequi consequatur quo. Est rerum qui officia accusamus est. Aut maxime laboriosam placeat ducimus dolore dolore impedit.', 3, '2019-09-14 01:14:41', '2019-09-14 01:14:41'),
(132, 99, 'Miss Sally Kunze', 'Asperiores non illo perspiciatis molestiae. Ab veritatis ut mollitia laborum in. Praesentium et quis qui qui maxime.', 3, '2019-09-14 01:14:41', '2019-09-14 01:14:41'),
(133, 29, 'Dr. Francisco Hamill Sr.', 'Iure autem dolores numquam dolore dolor non occaecati. A error quasi odit fugiat. Saepe tenetur animi blanditiis ea adipisci veniam. Voluptatem eos voluptatem cupiditate.', 0, '2019-09-14 01:14:41', '2019-09-14 01:14:41'),
(134, 22, 'Judah Cummings', 'Aut dignissimos voluptate et voluptatem est. Accusamus in atque illum sit. Doloremque assumenda aperiam dolores molestiae et nulla quos.', 3, '2019-09-14 01:14:41', '2019-09-14 01:14:41'),
(135, 70, 'Ben Welch', 'Quasi nulla rem sint porro est. Earum non autem fuga. Maxime qui et consequuntur nihil quo voluptas.', 1, '2019-09-14 01:14:41', '2019-09-14 01:14:41'),
(136, 29, 'Lizeth O\'Kon', 'Neque in dolor voluptatibus non labore. Aut voluptatibus aut nesciunt commodi quaerat velit. Libero quo natus tempore repellat reiciendis vitae. Dolores numquam illo doloremque et maiores natus.', 2, '2019-09-14 01:14:41', '2019-09-14 01:14:41'),
(137, 82, 'Madie Hand', 'Dolores molestiae distinctio in et. Illo ut unde harum modi maiores incidunt ipsum deleniti. Non reprehenderit debitis quod tenetur odio. Et id omnis quis consectetur accusantium cum.', 4, '2019-09-14 01:14:41', '2019-09-14 01:14:41'),
(138, 32, 'Isadore Tromp', 'Quia iure omnis facere eius dolor. Ut exercitationem veniam qui voluptas. Et eius officia consectetur.', 5, '2019-09-14 01:14:41', '2019-09-14 01:14:41'),
(139, 53, 'Brock Skiles', 'Libero dolore id reprehenderit quibusdam nobis architecto repellendus. Qui architecto iste aut in vero tempora. In distinctio sapiente eveniet amet eaque. Labore porro quibusdam et excepturi recusandae maxime.', 2, '2019-09-14 01:14:41', '2019-09-14 01:14:41'),
(140, 51, 'Layne Glover', 'Quia et deleniti et sint vitae. Quasi fugit vel consequatur ipsum consequatur doloremque. Nihil ipsam non dolore quia. Non cumque eius illo quibusdam. Inventore impedit sapiente facilis sed exercitationem dolorum.', 0, '2019-09-14 01:14:41', '2019-09-14 01:14:41'),
(141, 14, 'Pamela Kihn IV', 'Sint quibusdam necessitatibus fugit sed aliquam. Corrupti minus incidunt eveniet reiciendis voluptas. Repudiandae autem sint iste quo occaecati culpa natus nam.', 5, '2019-09-14 01:14:41', '2019-09-14 01:14:41'),
(142, 49, 'Dock Lockman PhD', 'Quis eaque voluptatem qui facere aliquam quia sed. Praesentium consectetur dolores voluptatem est magni provident. Deleniti est sequi rerum qui.', 2, '2019-09-14 01:14:41', '2019-09-14 01:14:41'),
(143, 7, 'Hillard Tremblay', 'Illum quaerat quia ex nihil consequatur occaecati. Mollitia non odio iusto officia velit quo optio dolores. Accusamus deleniti beatae facilis quisquam asperiores dolorem.', 5, '2019-09-14 01:14:41', '2019-09-14 01:14:41'),
(144, 27, 'Chanelle Rau', 'Velit eum eos ut assumenda recusandae eius. Voluptatum dolor sunt qui eveniet pariatur. Tempora harum dolores magni in perferendis illum.', 2, '2019-09-14 01:14:41', '2019-09-14 01:14:41'),
(145, 64, 'Eloise Macejkovic', 'Amet fuga quis dolores consequuntur sapiente earum dolorum. Quo maxime iste qui. Occaecati voluptates consequatur aspernatur aut est sunt ratione culpa. Temporibus sit placeat ad excepturi.', 2, '2019-09-14 01:14:41', '2019-09-14 01:14:41'),
(146, 48, 'Miss Antoinette Becker', 'Quae est veritatis facere quaerat. Eaque distinctio ea omnis eveniet similique. Corporis labore aspernatur velit facere. Cupiditate iure dicta omnis molestiae rem.', 2, '2019-09-14 01:14:41', '2019-09-14 01:14:41'),
(147, 3, 'Tyreek Ondricka', 'Sit nobis sit inventore. Corrupti soluta omnis modi blanditiis. Et in saepe ut ex. Quasi optio ad voluptatem similique dicta dolorem eveniet.', 5, '2019-09-14 01:14:41', '2019-09-14 01:14:41'),
(148, 77, 'Gabriella Conroy', 'Cum nesciunt tenetur enim deleniti perspiciatis rerum qui. Est est dolor veniam odit aut rerum. Ex quis omnis impedit ratione magnam.', 0, '2019-09-14 01:14:41', '2019-09-14 01:14:41'),
(149, 35, 'Emmy Stark II', 'Ea eum omnis aliquam possimus dolorum dolores voluptatum. Et provident repellat aut et porro natus iusto. Odio nobis id ut. Quisquam dignissimos qui quia velit magni sunt rerum ipsam.', 0, '2019-09-14 01:14:41', '2019-09-14 01:14:41'),
(150, 24, 'Dr. Oral Borer Jr.', 'Quibusdam voluptatem quidem et ducimus dolores perspiciatis quas. Incidunt nobis ex voluptas blanditiis doloribus officia. Aliquid maxime ut ducimus incidunt. Fugit porro doloribus temporibus non accusantium in alias alias.', 5, '2019-09-14 01:14:41', '2019-09-14 01:14:41'),
(151, 92, 'Eulah Kunze', 'Cumque dignissimos vel occaecati officiis libero cum. Deserunt error sit necessitatibus nihil deleniti omnis. Sint voluptatibus et sit nam maiores sequi qui.', 5, '2019-09-14 01:14:41', '2019-09-14 01:14:41'),
(152, 26, 'Prof. Virgil Huels MD', 'Voluptas eum illum labore ullam minima quis. Laborum earum quis nesciunt numquam. Consequatur ex aut qui necessitatibus minima tenetur. Excepturi et est quisquam enim odit et.', 0, '2019-09-14 01:14:41', '2019-09-14 01:14:41'),
(153, 66, 'Prof. Jules Torphy', 'Sed consequatur nisi autem eius in rerum fugit. Dolore et laborum iure iure. Voluptas laboriosam modi veritatis. Magnam esse dolor ut.', 1, '2019-09-14 01:14:41', '2019-09-14 01:14:41'),
(154, 91, 'Emmet Grady DVM', 'Molestiae ex consequuntur qui quia et. Quisquam perferendis deleniti repellendus earum reprehenderit voluptates. In qui in eos placeat. Omnis nobis qui ut voluptas quos quae nostrum.', 4, '2019-09-14 01:14:41', '2019-09-14 01:14:41'),
(155, 76, 'Piper Abernathy', 'Aspernatur sint tempore molestiae quia rerum provident. Ut dolor ullam totam qui. Quia magnam est quo. Sunt dolorem vitae magni ut sit. Nam inventore dolore itaque aut pariatur repellat.', 1, '2019-09-14 01:14:41', '2019-09-14 01:14:41'),
(156, 16, 'Mr. Elmore Conn', 'Cupiditate dolor dolorem et sit pariatur. Rerum nostrum fugiat velit sed. Qui suscipit quisquam dolores eaque labore dolor eum.', 5, '2019-09-14 01:14:41', '2019-09-14 01:14:41'),
(157, 62, 'Douglas Feeney', 'Eos dolores aspernatur iure aut ipsum. Ea cumque voluptate ut hic natus et id. Ut provident quae est veritatis. Voluptatem qui ea omnis perspiciatis. Consequatur eum voluptas et dignissimos sunt.', 4, '2019-09-14 01:14:41', '2019-09-14 01:14:41'),
(158, 79, 'Letitia Sipes', 'Neque ex dolores eum fugiat adipisci nihil ut. Cumque architecto quos et assumenda quibusdam. Molestiae assumenda sit consequatur ad qui laborum fugit.', 5, '2019-09-14 01:14:41', '2019-09-14 01:14:41'),
(159, 87, 'Prof. Zita Hauck PhD', 'Illum qui veritatis molestiae assumenda quia ullam tenetur non. Cum tempore perspiciatis voluptatem vitae.', 1, '2019-09-14 01:14:41', '2019-09-14 01:14:41'),
(160, 39, 'Prof. Josephine Bogisich III', 'Odio rerum sunt reiciendis et architecto eum. Rerum natus vitae et. Assumenda ad quos voluptatem.', 5, '2019-09-14 01:14:41', '2019-09-14 01:14:41'),
(161, 41, 'Prof. Willard Brown DVM', 'Incidunt modi consequuntur ullam iusto aut. Voluptatem ex architecto ut quae. Qui consequatur rerum est aliquid. Unde inventore enim omnis quae unde voluptatem. Quae voluptatum corporis ex animi sint iste unde.', 4, '2019-09-14 01:14:41', '2019-09-14 01:14:41'),
(162, 32, 'Dena White', 'Autem atque omnis et reprehenderit. Est dolorum ullam sint. Cupiditate voluptas temporibus omnis omnis.', 2, '2019-09-14 01:14:41', '2019-09-14 01:14:41'),
(163, 80, 'Arch Barrows', 'Nihil mollitia consequuntur omnis veritatis. Sed beatae et voluptatem quia minima repudiandae sint. Reiciendis aut neque tenetur quas.', 3, '2019-09-14 01:14:41', '2019-09-14 01:14:41'),
(164, 92, 'Prof. Trevor Conroy', 'Perspiciatis deleniti et est neque. Sit quo nesciunt inventore possimus iste. Aut esse ex impedit. Distinctio sed inventore veniam sed tenetur.', 5, '2019-09-14 01:14:41', '2019-09-14 01:14:41'),
(165, 6, 'Sabryna McKenzie', 'Voluptate natus consectetur quod voluptatem. Accusamus non porro dolorem illum quisquam ut modi. Temporibus voluptates est quod officia iste. Consequatur sed possimus eum animi magnam quaerat quibusdam accusantium.', 5, '2019-09-14 01:14:41', '2019-09-14 01:14:41'),
(166, 49, 'Cyril Schuppe', 'Cum dolores non aut facere veniam unde. Hic vitae adipisci aspernatur accusamus quia sint repellendus. Molestias et vel error amet.', 2, '2019-09-14 01:14:41', '2019-09-14 01:14:41'),
(167, 73, 'Palma Hoppe', 'Sed voluptatem temporibus aut debitis quia minima tempore. Nobis voluptatem ut veritatis est voluptatem. Autem quas vel omnis architecto tempore itaque. Veritatis maxime consequuntur rerum.', 3, '2019-09-14 01:14:41', '2019-09-14 01:14:41'),
(168, 31, 'Brandyn Bailey', 'Perspiciatis rerum quia incidunt sint earum voluptatem quia. Quo tempora mollitia velit dolorem. Accusamus debitis consequatur enim ipsa.', 2, '2019-09-14 01:14:41', '2019-09-14 01:14:41'),
(169, 76, 'Alaina Luettgen', 'Et ut et et autem ut. Ab quis aut dignissimos. Eos velit maiores porro. Id vel esse est nisi et quibusdam.', 3, '2019-09-14 01:14:41', '2019-09-14 01:14:41'),
(170, 43, 'Dr. Gene Howe DDS', 'Qui atque sequi sed. Sint nihil sit non quas. Dolorem dolor et vitae quisquam iusto aut repellat.', 0, '2019-09-14 01:14:41', '2019-09-14 01:14:41'),
(171, 13, 'Kariane Heaney PhD', 'Deserunt totam dolorem voluptatibus. Nostrum eius et maxime ut tempore. Exercitationem rem voluptatibus ipsam et.', 2, '2019-09-14 01:14:41', '2019-09-14 01:14:41'),
(172, 87, 'Edgar Rice', 'Iste et totam perferendis iure perspiciatis. Tempora doloremque ut quia et aut. Corporis reiciendis voluptatem ipsum.', 2, '2019-09-14 01:14:41', '2019-09-14 01:14:41'),
(173, 54, 'Gayle Robel', 'Molestias nostrum ut aut ea est quasi. Ea neque neque dolore quos veritatis quibusdam. Et consequuntur qui ratione sunt quia ut fugit. Voluptas quia beatae velit vel vel quibusdam neque vitae.', 0, '2019-09-14 01:14:41', '2019-09-14 01:14:41'),
(174, 74, 'Antonetta Simonis', 'Consequatur perferendis totam repellendus quo occaecati aut necessitatibus. Enim est quia molestias sit impedit animi fugiat qui. Ipsum consequatur voluptas placeat soluta quisquam quis qui tempora. Officiis consequatur enim aspernatur.', 1, '2019-09-14 01:14:41', '2019-09-14 01:14:41'),
(175, 71, 'Ashton Gutmann', 'Reprehenderit quisquam nulla qui quia omnis. Voluptates aut non tempora sit perspiciatis. Reprehenderit aut alias eius quidem nihil deleniti.', 0, '2019-09-14 01:14:41', '2019-09-14 01:14:41'),
(176, 75, 'Anjali Carter', 'Rerum explicabo alias quae aut non. Aliquid possimus nostrum enim aliquid odit. Voluptatum sint voluptates qui exercitationem nihil fugiat. Qui eum eveniet doloribus sit.', 0, '2019-09-14 01:14:41', '2019-09-14 01:14:41'),
(177, 32, 'Dr. Helene Swaniawski', 'Consectetur nostrum cumque officia molestias temporibus non. Ratione quidem deserunt velit quia vero voluptas ut. In debitis accusamus ea aut dolores quas repudiandae ea.', 2, '2019-09-14 01:14:41', '2019-09-14 01:14:41'),
(178, 89, 'Lina Smith', 'Velit eos rerum consequatur enim architecto. Rerum vero quasi eos consequuntur blanditiis a doloremque numquam. Animi eos ipsa nobis inventore nemo.', 5, '2019-09-14 01:14:41', '2019-09-14 01:14:41'),
(179, 29, 'Elijah Cummings', 'Occaecati adipisci nisi deleniti corrupti voluptas. Illo aut temporibus quaerat debitis totam cumque. Ex fugit sit omnis accusamus quas. Dicta voluptatem esse ipsam adipisci omnis. Deserunt quia illo repudiandae molestias.', 5, '2019-09-14 01:14:41', '2019-09-14 01:14:41'),
(180, 1, 'Liana Turner DVM', 'Est placeat cum quae aut et atque. Alias inventore repellat doloremque quia distinctio. Eos rerum debitis voluptatem. Beatae dolorem sunt iusto ut itaque.', 1, '2019-09-14 01:14:41', '2019-09-14 01:14:41'),
(181, 4, 'Antone Grant', 'Esse sunt et natus illo. Quis error libero sed ea. Porro soluta mollitia qui accusamus dolorem aut. Eaque cum aliquam dicta quisquam. Iusto aspernatur in aliquam quibusdam architecto ratione perspiciatis culpa.', 5, '2019-09-14 01:14:41', '2019-09-14 01:14:41'),
(182, 91, 'Lesly Cartwright', 'Laudantium ut saepe natus. Et voluptas modi dicta omnis dignissimos non perferendis. Vitae non perferendis voluptatibus exercitationem.', 4, '2019-09-14 01:14:41', '2019-09-14 01:14:41'),
(183, 1, 'Prof. Maximilian Crona Jr.', 'Consequuntur eos eaque minus voluptate qui vitae voluptatem ipsum. Voluptates ipsam nostrum cumque repellat corrupti nihil. Eos sunt corporis deleniti et error. Dolor enim illo quis adipisci qui tempore. Officiis quidem officia sint quis in modi.', 0, '2019-09-14 01:14:41', '2019-09-14 01:14:41'),
(184, 15, 'Mrs. Rosalind Wilkinson V', 'Minima dolorum tenetur voluptatibus asperiores. Eum cumque dolore quo et. In dignissimos ex quibusdam est ratione est labore. Ut commodi ut ea.', 1, '2019-09-14 01:14:41', '2019-09-14 01:14:41'),
(185, 88, 'Dr. Reed Will Sr.', 'Corporis amet laboriosam dolor odio rerum dolore. Pariatur nihil vero et sed. Quia rerum aut ratione beatae illum. Soluta quisquam pariatur inventore rerum. Placeat id deserunt iste perferendis illo.', 1, '2019-09-14 01:14:41', '2019-09-14 01:14:41'),
(186, 62, 'Mr. Howard Tremblay II', 'Qui ut doloribus eligendi explicabo sunt dolor sit. In sunt quaerat aspernatur sed. Sed ea aut est sit itaque. Inventore possimus dolor accusantium.', 3, '2019-09-14 01:14:41', '2019-09-14 01:14:41'),
(187, 64, 'Prof. Trevion Bartoletti', 'Assumenda vel et dolor nihil doloribus. Voluptate sit blanditiis occaecati accusantium. Consequuntur quia impedit consectetur nihil eius aliquid.', 2, '2019-09-14 01:14:41', '2019-09-14 01:14:41'),
(188, 8, 'Timmy Jast', 'Ipsum corrupti quas enim non quo et. Consequatur ex cupiditate dolorem rerum laboriosam. At aut qui qui ipsa quidem at. Cum odit ut est omnis optio modi deleniti.', 2, '2019-09-14 01:14:41', '2019-09-14 01:14:41'),
(189, 93, 'Marty Howell IV', 'Nostrum eos optio ipsum magnam. Modi omnis non qui enim iste porro aspernatur molestiae.', 0, '2019-09-14 01:14:41', '2019-09-14 01:14:41'),
(190, 66, 'Frederic Casper', 'Aut dignissimos ipsam aperiam in est provident harum. Reprehenderit inventore exercitationem non nisi veniam quo.', 0, '2019-09-14 01:14:41', '2019-09-14 01:14:41'),
(191, 90, 'Diego Legros II', 'Non ad dolores in beatae. Provident voluptatem doloribus et autem. Nisi nisi sint vitae magni cumque nihil et.', 2, '2019-09-14 01:14:41', '2019-09-14 01:14:41'),
(192, 87, 'Matteo King', 'Laborum non ea aut vel sed. Perspiciatis quibusdam ratione maiores et ducimus.', 4, '2019-09-14 01:14:41', '2019-09-14 01:14:41'),
(193, 14, 'Marvin Schimmel', 'Labore maxime et facilis at ut rerum. Dolore expedita consectetur ipsam incidunt in sit. Consequatur consequatur quia ratione commodi. Omnis odit consequatur aliquid voluptatem.', 4, '2019-09-14 01:14:41', '2019-09-14 01:14:41'),
(194, 93, 'Alan Daniel', 'Eos sit eos similique dolorem libero velit ullam quia. Numquam ut ut sequi excepturi nostrum dolore. Fuga ut earum aut. Omnis est recusandae dolor incidunt aut sit.', 5, '2019-09-14 01:14:41', '2019-09-14 01:14:41'),
(195, 58, 'Rhea Johnston', 'Aut minus ut reiciendis similique veniam iste natus. Blanditiis voluptatem expedita voluptatem sit cupiditate occaecati architecto. Aliquam adipisci et architecto error eveniet debitis placeat.', 0, '2019-09-14 01:14:41', '2019-09-14 01:14:41'),
(196, 61, 'Darren Koss', 'Rerum quia ut ad voluptatem voluptas porro. Et tempora eum recusandae officiis possimus voluptatum. Odio ex voluptatum commodi.', 2, '2019-09-14 01:14:41', '2019-09-14 01:14:41'),
(197, 23, 'Edward Haag', 'Nostrum accusantium rerum cupiditate fugiat. Sunt rerum facere omnis. Velit autem animi sint atque. Eligendi quae voluptatem vero alias.', 4, '2019-09-14 01:14:41', '2019-09-14 01:14:41'),
(198, 36, 'Dr. Amely Moore', 'Ipsum nulla ad at voluptas cumque impedit iste. Vel aut et et rem dolor sunt autem molestiae. In optio rerum inventore et qui odit. In non ipsam ratione.', 4, '2019-09-14 01:14:41', '2019-09-14 01:14:41'),
(199, 59, 'Anjali Brown', 'Voluptas architecto beatae inventore quibusdam facere. Aut maiores et numquam quisquam delectus nobis. Rerum aut et autem cum necessitatibus enim nostrum.', 0, '2019-09-14 01:14:41', '2019-09-14 01:14:41'),
(200, 83, 'Kaden Koch', 'Quo velit natus nemo. Hic qui repellat sit natus modi est. Sit voluptate praesentium reprehenderit. Quod laboriosam omnis nobis maiores ut.', 5, '2019-09-14 01:14:41', '2019-09-14 01:14:41'),
(201, 66, 'Vladimir Conn', 'Explicabo fugit eum laboriosam in assumenda doloremque rerum. Reiciendis soluta ut et nesciunt.', 5, '2019-09-14 01:14:41', '2019-09-14 01:14:41'),
(202, 94, 'Felix Crist', 'Omnis impedit culpa quo commodi consequuntur distinctio. Saepe praesentium quo perspiciatis ratione sed inventore. Sit impedit qui cum ab corporis dolorum laudantium.', 5, '2019-09-14 01:14:41', '2019-09-14 01:14:41'),
(203, 27, 'Amari Wolff', 'Rerum reiciendis veritatis illo aliquid excepturi corporis rerum. Quam asperiores dolores soluta. Aut commodi sint dolor harum veniam alias ullam.', 3, '2019-09-14 01:14:41', '2019-09-14 01:14:41'),
(204, 49, 'Elinore Veum', 'Cupiditate temporibus sint qui atque. Modi reiciendis sed qui accusamus ea nihil quis. Recusandae et voluptatum qui quia deserunt. Est neque dolorem dolorem ad sed repudiandae.', 1, '2019-09-14 01:14:41', '2019-09-14 01:14:41'),
(205, 7, 'Kamryn McDermott', 'Nam culpa delectus magni voluptas. Cupiditate qui suscipit temporibus deleniti amet. Debitis reiciendis corrupti ut itaque quis unde.', 4, '2019-09-14 01:14:41', '2019-09-14 01:14:41'),
(206, 92, 'Dr. Abdullah Bergstrom', 'Ut quibusdam aliquid nihil eum quo. Voluptatem vel distinctio saepe fugiat. Inventore quam voluptatibus voluptatibus totam blanditiis. Molestiae sed excepturi quam rerum quia.', 4, '2019-09-14 01:14:41', '2019-09-14 01:14:41'),
(207, 89, 'Prof. Arvid Keebler', 'Et hic vel adipisci et. Minus necessitatibus in quisquam sed error voluptatem. Facilis architecto ducimus et aut. Incidunt quisquam laudantium explicabo quasi aut.', 4, '2019-09-14 01:14:41', '2019-09-14 01:14:41'),
(208, 98, 'Shakira Pagac', 'Illo ab sed laborum. Eos enim officiis et alias. Necessitatibus eum odio maxime distinctio qui nihil illum. Sit consequuntur inventore ipsum quaerat nostrum.', 2, '2019-09-14 01:14:41', '2019-09-14 01:14:41'),
(209, 89, 'Mr. Jeromy Wyman', 'Voluptatem adipisci et quasi recusandae. Nam doloribus est nisi qui. Sint in facere quidem repudiandae voluptas aut.', 1, '2019-09-14 01:14:41', '2019-09-14 01:14:41'),
(210, 22, 'Clifford Beier', 'Et porro sunt repudiandae ut. Architecto provident quis voluptatibus nisi hic.', 4, '2019-09-14 01:14:41', '2019-09-14 01:14:41'),
(211, 60, 'Adonis Kutch', 'Quae itaque id esse molestiae. Deserunt laudantium exercitationem quis quaerat labore. A quibusdam quae qui delectus.', 0, '2019-09-14 01:14:41', '2019-09-14 01:14:41'),
(212, 84, 'Ewell Nolan', 'Officia veritatis quo porro aliquam et distinctio ipsa consequatur. Voluptate eum molestias dolorem. Autem ipsam doloribus accusantium voluptas libero. Atque reprehenderit quas est suscipit asperiores velit eius.', 2, '2019-09-14 01:14:41', '2019-09-14 01:14:41'),
(213, 24, 'Linnea Hartmann', 'Autem delectus et corrupti sit. Sit facere nisi dolorem delectus consequatur voluptatem nihil. Nihil sint illum est et qui eveniet. Exercitationem ea doloribus ducimus illum consequatur.', 1, '2019-09-14 01:14:41', '2019-09-14 01:14:41'),
(214, 36, 'Prof. Lavern Herzog III', 'Laudantium consequatur molestias quis aperiam est perspiciatis. Corrupti saepe dolorem sed tenetur. Atque qui sint deserunt sed aut ipsam voluptatibus cupiditate.', 0, '2019-09-14 01:14:41', '2019-09-14 01:14:41');
INSERT INTO `reviews` (`id`, `product_id`, `customer`, `review`, `star`, `created_at`, `updated_at`) VALUES
(215, 38, 'Mr. Abelardo Hoeger DDS', 'Non ducimus adipisci ut molestiae veniam. Numquam sunt pariatur ut sed consequuntur nesciunt veniam assumenda. Laboriosam aut magnam est dolores et et. Voluptas odio molestias dignissimos. Laborum quidem distinctio reprehenderit officia laboriosam quia quia aut.', 4, '2019-09-14 01:14:41', '2019-09-14 01:14:41'),
(216, 90, 'Barbara Davis', 'Tenetur magni quasi a possimus. Consequatur et nobis atque.', 5, '2019-09-14 01:14:41', '2019-09-14 01:14:41'),
(217, 98, 'Mabel Hagenes', 'Unde mollitia ipsam et. Eius qui veritatis et vero. Cumque numquam quod consequuntur asperiores recusandae.', 3, '2019-09-14 01:14:41', '2019-09-14 01:14:41'),
(218, 69, 'Stacey Schowalter', 'Qui non sequi omnis. Accusamus quis doloribus et architecto. Dolorum qui sed impedit natus. Omnis quod fugit nisi ut eaque ut labore.', 0, '2019-09-14 01:14:41', '2019-09-14 01:14:41'),
(219, 53, 'Mr. Kristoffer Shanahan IV', 'Autem est sapiente quia dolore mollitia. Quod id quia enim ullam. Qui laborum quisquam sequi corporis voluptatem odio. Et mollitia deserunt natus dolorem aut.', 4, '2019-09-14 01:14:41', '2019-09-14 01:14:41'),
(220, 6, 'Florencio Schiller', 'Nesciunt qui ullam quod minus commodi. Porro consectetur suscipit architecto vel mollitia ut. Distinctio magnam quia et quod. Molestias aliquid non maiores ducimus omnis.', 1, '2019-09-14 01:14:41', '2019-09-14 01:14:41'),
(221, 71, 'Kacie Gleichner', 'Amet vitae ab qui voluptas rerum et. Qui labore non fuga totam. Itaque neque doloremque culpa nesciunt quia reiciendis expedita. Commodi ducimus est hic a magnam culpa molestiae.', 5, '2019-09-14 01:14:41', '2019-09-14 01:14:41'),
(222, 88, 'Prof. Dayne Hirthe', 'Aut quaerat vitae et fugiat nihil velit omnis. Quos nisi sit eos rem. Illo non quis autem laborum.', 1, '2019-09-14 01:14:41', '2019-09-14 01:14:41'),
(223, 77, 'Prof. Buck Towne PhD', 'Consequatur autem officiis et quasi quia rem. Expedita sunt porro qui id deserunt. Architecto alias et id aspernatur commodi. Fugit fugit doloribus rerum recusandae non. Velit repellat ex omnis rerum unde fuga.', 3, '2019-09-14 01:14:41', '2019-09-14 01:14:41'),
(224, 62, 'Rick Brakus', 'Nobis omnis est qui reiciendis atque dolorem ipsum. Maxime dolores quasi dolorum numquam. Pariatur eligendi excepturi libero et temporibus praesentium. Perspiciatis dolorem corrupti eligendi voluptatem.', 2, '2019-09-14 01:14:41', '2019-09-14 01:14:41'),
(225, 56, 'Kurt Mohr III', 'Voluptatibus pariatur deleniti modi unde. Aut ducimus provident tenetur fugiat ut sunt. Amet odio dolor cumque laborum.', 2, '2019-09-14 01:14:41', '2019-09-14 01:14:41'),
(226, 17, 'Clara Nikolaus', 'Temporibus veritatis beatae doloribus consequatur eum sunt voluptas. Nostrum expedita et veniam consequatur nam. Labore fuga fugit consequatur repudiandae explicabo.', 2, '2019-09-14 01:14:41', '2019-09-14 01:14:41'),
(227, 51, 'Camila Bailey', 'Et eaque totam dolorem velit optio. Quo ea enim id molestiae mollitia maiores aut. Quos voluptatem voluptatem exercitationem laboriosam.', 5, '2019-09-14 01:14:41', '2019-09-14 01:14:41'),
(228, 54, 'Guadalupe Bergnaum IV', 'Odio deleniti repellat sunt voluptatem numquam eum est aut. Non tenetur autem reiciendis.', 4, '2019-09-14 01:14:41', '2019-09-14 01:14:41'),
(229, 21, 'Mr. Robbie Hansen', 'Aut numquam libero neque id consequuntur quibusdam. Deleniti ut sequi voluptatem ea sequi laboriosam consequatur. Voluptatum voluptas adipisci eum eligendi iste.', 3, '2019-09-14 01:14:41', '2019-09-14 01:14:41'),
(230, 40, 'Mrs. Pascale Grimes MD', 'Accusamus animi expedita asperiores aut. Vel repudiandae culpa voluptas error qui omnis expedita. Quisquam cupiditate eveniet voluptas velit aut similique. Quos et magni quia voluptatem est culpa eaque.', 3, '2019-09-14 01:14:41', '2019-09-14 01:14:41'),
(231, 76, 'Jalyn Koss', 'Atque at numquam amet doloribus itaque quibusdam. Quia ut similique consequatur sequi amet. Voluptate alias et ratione ut ut. Est eum tenetur est maiores eaque.', 0, '2019-09-14 01:14:41', '2019-09-14 01:14:41'),
(232, 33, 'Ms. Sonia Cronin', 'Sed deserunt tempora minima facilis. Ut nihil voluptatum nemo sint. Possimus sed sapiente voluptatibus dolores soluta. Esse placeat autem autem et in placeat.', 0, '2019-09-14 01:14:41', '2019-09-14 01:14:41'),
(233, 22, 'Gunnar Larkin DDS', 'Officia vitae deleniti qui praesentium. Laudantium ea temporibus excepturi corporis necessitatibus libero facere. Temporibus occaecati eveniet eum totam autem quos odio. Ea nisi placeat pariatur eligendi et dicta non.', 1, '2019-09-14 01:14:41', '2019-09-14 01:14:41'),
(234, 42, 'Dr. Una Anderson DDS', 'Sint adipisci officia et vero esse. Officia sit sapiente temporibus illum et velit expedita. Est non et quis dolor. Labore veritatis nulla ut dolore. Illum rerum ipsa voluptatem nisi reiciendis sed qui.', 1, '2019-09-14 01:14:41', '2019-09-14 01:14:41'),
(235, 60, 'Brody Bernier', 'Incidunt ut non consequuntur ratione eos et ut. Est dolor magnam omnis quia est molestiae similique. Minima eveniet excepturi quae vel quibusdam. Ducimus cum reiciendis modi eos officiis.', 1, '2019-09-14 01:14:41', '2019-09-14 01:14:41'),
(236, 11, 'Lea Sporer', 'Vel corrupti veniam molestiae facere dolorum iure. Repellat rem dolore beatae sunt. In placeat aut a enim quis. Voluptatem voluptatibus velit eum voluptatem vero dignissimos.', 3, '2019-09-14 01:14:41', '2019-09-14 01:14:41'),
(237, 90, 'Erich Schaefer', 'Cum aut iusto dolores tenetur sed natus ut est. Et dolor tenetur ut ut est voluptatum. Animi sit aut minus. Consequuntur et ex aut quaerat.', 5, '2019-09-14 01:14:41', '2019-09-14 01:14:41'),
(238, 26, 'Nicolas Senger PhD', 'Reprehenderit doloremque eveniet voluptas et fugiat cum. Rem consequatur voluptatem omnis aliquid sequi aut. Facilis quod omnis saepe aut minima quibusdam.', 3, '2019-09-14 01:14:41', '2019-09-14 01:14:41'),
(239, 87, 'Brenna Weimann', 'Qui repudiandae culpa eos nobis. Velit quia quia ut. Vel voluptatem sequi sit est. Reiciendis animi nemo id alias non quis.', 3, '2019-09-14 01:14:41', '2019-09-14 01:14:41'),
(240, 73, 'Maynard Rodriguez', 'At qui eveniet deserunt et. Et delectus quia temporibus et. Tenetur consequatur est repellendus hic voluptates ipsam cumque sapiente. Aliquam tempora magni earum et explicabo non.', 5, '2019-09-14 01:14:41', '2019-09-14 01:14:41'),
(241, 37, 'Marlin Conn', 'Accusantium nam eveniet quisquam laboriosam ut odit mollitia. Qui harum iste reprehenderit.', 4, '2019-09-14 01:14:41', '2019-09-14 01:14:41'),
(242, 6, 'Mr. Willard Jerde I', 'Reiciendis consequatur libero et et quos. Perspiciatis ullam error maiores vero.', 5, '2019-09-14 01:14:41', '2019-09-14 01:14:41'),
(243, 13, 'Casey Franecki II', 'Quod dolorem maxime iste. Earum eum velit dicta non. Culpa doloremque ut nihil doloremque odio fuga aut. Ut est at enim a.', 4, '2019-09-14 01:14:41', '2019-09-14 01:14:41'),
(244, 97, 'Ms. Breanne Ziemann', 'Debitis vero facere explicabo officia et necessitatibus. Reiciendis voluptate eum nobis numquam rerum sit quidem. Impedit sit ut consectetur officiis fugit quidem. Et est aut fugiat. Nemo voluptatibus temporibus ut sit.', 4, '2019-09-14 01:14:41', '2019-09-14 01:14:41'),
(245, 19, 'Clarabelle Champlin', 'Nulla fugiat illum dolore voluptatum. Tempore numquam eius dolore consequatur accusamus hic aperiam id. Et sint sed necessitatibus vero et. Rerum quae unde aspernatur iure nesciunt. Pariatur molestiae perferendis omnis quisquam voluptate.', 0, '2019-09-14 01:14:41', '2019-09-14 01:14:41'),
(246, 95, 'Nicolas Kreiger', 'Tenetur autem facilis occaecati est. Excepturi ab aut et fugit sed illum explicabo repudiandae. Dignissimos ex alias aspernatur inventore inventore doloremque. Et esse non doloribus.', 0, '2019-09-14 01:14:41', '2019-09-14 01:14:41'),
(247, 37, 'Dudley Stanton', 'Quos eligendi tempora dolorum officiis amet nesciunt. Voluptatem quidem voluptatum recusandae occaecati cupiditate accusamus est. Molestiae deserunt omnis et sequi et et suscipit.', 4, '2019-09-14 01:14:41', '2019-09-14 01:14:41'),
(248, 39, 'Amos Nader', 'Laudantium est nostrum vel sequi tempora id dignissimos. Accusamus quo eos quibusdam eveniet possimus sed. Consequuntur officiis itaque error aut odit a et. Voluptatem illo aperiam animi distinctio.', 1, '2019-09-14 01:14:41', '2019-09-14 01:14:41'),
(249, 98, 'Mr. Layne Schultz IV', 'Accusamus id nam sit quidem pariatur neque. Qui deleniti qui ab praesentium consectetur voluptatum mollitia quod. Facere ab nihil harum asperiores.', 0, '2019-09-14 01:14:41', '2019-09-14 01:14:41'),
(250, 13, 'Hardy Langosh', 'Ducimus ducimus quas voluptatem voluptatem aut sint et. Saepe iure facilis aut non. Dolorum mollitia facere id natus expedita.', 4, '2019-09-14 01:14:41', '2019-09-14 01:14:41'),
(251, 91, 'Prof. Isai Rempel', 'Esse ducimus minima nam architecto nostrum. Mollitia illum et corporis. Laudantium officia ut repellendus quo atque vero qui.', 1, '2019-09-14 01:14:41', '2019-09-14 01:14:41'),
(252, 88, 'Mr. Jordan Green', 'Sit quis quidem et voluptas. Nisi sit laboriosam perferendis quas rem facilis alias. Nostrum ea et officiis ut quasi non. Nihil est facilis omnis temporibus accusamus corporis.', 2, '2019-09-14 01:14:41', '2019-09-14 01:14:41'),
(253, 98, 'Marina Keeling DVM', 'Iste quia et et enim delectus. Sequi dolor eveniet eius autem consequatur et. In minima cumque doloremque ipsa ab dolorum. Debitis id aliquam maxime quia voluptas possimus cum voluptatibus.', 2, '2019-09-14 01:14:41', '2019-09-14 01:14:41'),
(254, 30, 'Mr. Russell Stamm', 'Quia enim et voluptate officiis sed hic sint. Cumque facere veritatis totam.', 1, '2019-09-14 01:14:41', '2019-09-14 01:14:41'),
(255, 14, 'Mrs. Rose Kozey Jr.', 'Voluptas vel sed et voluptates odit non odio. Iste placeat eum sit. Exercitationem tenetur similique non quisquam quam qui qui.', 0, '2019-09-14 01:14:41', '2019-09-14 01:14:41'),
(256, 66, 'Dr. Amber Howell I', 'Quo id totam optio et odio. Officiis non voluptas possimus alias. Numquam ea illo facere ex.', 5, '2019-09-14 01:14:41', '2019-09-14 01:14:41'),
(257, 97, 'Prof. Amalia Hettinger MD', 'Quam quam nihil magni necessitatibus et est reprehenderit occaecati. Nihil illo maiores veritatis magni expedita blanditiis eum vitae. Similique eligendi quis suscipit sequi maiores architecto. A odio molestiae aliquam error neque quae ea.', 0, '2019-09-14 01:14:41', '2019-09-14 01:14:41'),
(258, 35, 'Ryley Klein', 'Quaerat consequatur enim nam culpa eius possimus magnam voluptatum. Et id autem cupiditate non. Est quis necessitatibus amet blanditiis error sed consequatur delectus.', 1, '2019-09-14 01:14:41', '2019-09-14 01:14:41'),
(259, 32, 'Eliseo Kilback', 'Eveniet rerum ex qui delectus. Id iste omnis tempore eligendi. Magni ipsa sed accusantium recusandae ab quis saepe.', 4, '2019-09-14 01:14:41', '2019-09-14 01:14:41'),
(260, 75, 'Christ Anderson', 'Autem omnis ducimus qui ea. Enim impedit ullam expedita et repellendus provident voluptas. Repudiandae fugit adipisci doloremque. Reiciendis velit praesentium deleniti qui.', 1, '2019-09-14 01:14:41', '2019-09-14 01:14:41'),
(261, 45, 'Prof. Saul Pfannerstill', 'Quis quis saepe illo et. Voluptatem repellat dolorem rerum voluptatum et eum.', 1, '2019-09-14 01:14:41', '2019-09-14 01:14:41'),
(262, 94, 'Ms. Otilia Nienow', 'Fugit est sit aliquam rerum ipsum qui sit. Eius aut quae occaecati modi minus voluptatem. Sint distinctio quibusdam facilis consectetur ad labore doloremque porro.', 0, '2019-09-14 01:14:41', '2019-09-14 01:14:41'),
(263, 84, 'Jakayla Rolfson', 'Omnis et dolorem nesciunt dolor laudantium adipisci dignissimos ut. Deserunt ea aliquid nihil repellat nihil nostrum quis qui. Culpa officia et vel reprehenderit veritatis consequatur commodi. Dicta iste mollitia doloremque doloribus dolore omnis.', 1, '2019-09-14 01:14:41', '2019-09-14 01:14:41'),
(264, 94, 'Imogene Mohr', 'Ut esse ipsam ea. Dolore animi est perspiciatis vitae et in. Iste impedit nisi ut nam numquam. Consequatur iusto unde consequatur quia repellendus doloribus alias.', 1, '2019-09-14 01:14:41', '2019-09-14 01:14:41'),
(265, 83, 'Jimmie Tromp', 'Alias autem repudiandae sed. Et commodi voluptate necessitatibus eaque doloremque omnis qui. Quasi numquam voluptates et sit assumenda ut.', 4, '2019-09-14 01:14:41', '2019-09-14 01:14:41'),
(266, 17, 'Keeley Donnelly', 'Modi tempore voluptatum vel ea. Distinctio voluptatum magnam quisquam sapiente cum. Consequuntur ullam doloremque voluptatem eligendi repudiandae.', 2, '2019-09-14 01:14:41', '2019-09-14 01:14:41'),
(267, 14, 'Dr. Mathias Mante III', 'Commodi doloribus sequi aspernatur incidunt exercitationem similique. Quisquam ex nostrum suscipit dolor. Esse rem et voluptas minus. Iure similique earum blanditiis reiciendis est.', 4, '2019-09-14 01:14:41', '2019-09-14 01:14:41'),
(268, 7, 'Rosetta Dibbert', 'Totam eos aut repudiandae aut et dolor. Quaerat ipsa tempora consequatur.', 2, '2019-09-14 01:14:41', '2019-09-14 01:14:41'),
(269, 44, 'Mr. Mark Boehm III', 'Autem sint repellendus incidunt beatae. Quod unde quia doloribus nobis. Corrupti non odio corporis omnis quis ut. Itaque sit officiis beatae libero nihil suscipit asperiores.', 0, '2019-09-14 01:14:41', '2019-09-14 01:14:41'),
(270, 10, 'Alicia Renner', 'Nulla eum sint quas tempore. Unde non qui omnis eos. Mollitia consequuntur quidem ea voluptas. Aspernatur voluptatibus quasi dolorum aspernatur inventore dignissimos nesciunt.', 0, '2019-09-14 01:14:41', '2019-09-14 01:14:41'),
(271, 79, 'Blanche Pollich DDS', 'Temporibus voluptate enim nihil maiores ratione. Quis praesentium accusantium sapiente dicta fugiat pariatur.', 1, '2019-09-14 01:14:41', '2019-09-14 01:14:41'),
(272, 3, 'Meggie D\'Amore', 'Error repellendus fugiat mollitia mollitia ut voluptates. Est pariatur sint eos officia consequatur sapiente nihil. Enim iusto at et id voluptatem ullam. Aut nobis qui perspiciatis voluptas aut sed. Aut tenetur sint animi.', 4, '2019-09-14 01:14:41', '2019-09-14 01:14:41'),
(273, 95, 'Garett Pouros', 'Blanditiis veniam magnam aperiam eum et enim. Nam ut qui rerum.', 5, '2019-09-14 01:14:41', '2019-09-14 01:14:41'),
(274, 78, 'Willard Hansen DVM', 'Temporibus ipsa nihil quia quis eveniet aut quasi. Repellendus repellat deserunt non cum nam.', 3, '2019-09-14 01:14:41', '2019-09-14 01:14:41'),
(275, 87, 'Teresa Fritsch V', 'Omnis corporis sint nobis illum. Facere tenetur et autem et.', 4, '2019-09-14 01:14:41', '2019-09-14 01:14:41'),
(276, 40, 'Beryl Kreiger MD', 'Quos aut in qui pariatur deserunt est. Dolorum culpa vero vitae eos qui. Praesentium voluptatem vitae et eum. Ut in rerum dicta.', 4, '2019-09-14 01:14:41', '2019-09-14 01:14:41'),
(277, 30, 'Winston Leannon', 'Molestiae labore repellendus aut voluptas reprehenderit repellendus consectetur aperiam. Veritatis ea explicabo ipsa tempore nulla impedit repellat eligendi.', 5, '2019-09-14 01:14:41', '2019-09-14 01:14:41'),
(278, 54, 'Constance Paucek', 'Harum molestias sapiente tempora voluptate unde debitis et. Aut enim odio assumenda aut dignissimos similique. Et facilis quia reprehenderit. Delectus nesciunt maxime dolorem ea quam tenetur.', 1, '2019-09-14 01:14:41', '2019-09-14 01:14:41'),
(279, 84, 'Prof. Michale McLaughlin Jr.', 'Quia sint ut et fugit explicabo sed repellat ab. Recusandae qui dolore dicta voluptatum. Labore tenetur provident consequatur cupiditate quis cum. Consectetur quas ea sunt aspernatur aliquid fugiat.', 4, '2019-09-14 01:14:41', '2019-09-14 01:14:41'),
(280, 96, 'Prof. Jaunita Dibbert', 'Quibusdam iusto necessitatibus et. Dolor exercitationem tenetur autem veniam. Perspiciatis rerum ex laudantium quo veniam. Totam quisquam molestiae suscipit assumenda laboriosam.', 3, '2019-09-14 01:14:41', '2019-09-14 01:14:41'),
(281, 64, 'Talon Kirlin', 'Dolores reiciendis ut aut et sit. Exercitationem voluptatum consectetur non nulla. Similique sed voluptatem consectetur incidunt est exercitationem corporis.', 3, '2019-09-14 01:14:41', '2019-09-14 01:14:41'),
(282, 41, 'Hermina Bosco', 'Animi eligendi sit sit ut ad. Ex quis quia laboriosam repellat hic hic et. Quae enim aut tempora. Officia officiis consequatur eaque adipisci quis consequatur.', 3, '2019-09-14 01:14:41', '2019-09-14 01:14:41'),
(283, 41, 'Mr. Furman Rosenbaum', 'Tempora accusamus quis veniam harum. Doloremque animi molestias natus et iure ea. Quibusdam nam et commodi aliquid minus autem.', 4, '2019-09-14 01:14:41', '2019-09-14 01:14:41'),
(284, 64, 'Janelle Swift', 'Odit labore consequatur sit aut corporis. Omnis doloremque amet amet totam dignissimos ipsa. Et neque reprehenderit veniam minima quod quia. Rerum et minus corporis modi aut.', 3, '2019-09-14 01:14:42', '2019-09-14 01:14:42'),
(285, 9, 'Roel Hackett', 'Quia est ullam commodi aperiam voluptatibus dolores. Itaque est id fuga nam ullam sunt sequi. Voluptas laborum earum possimus. Vitae aut sunt quam sit.', 1, '2019-09-14 01:14:42', '2019-09-14 01:14:42'),
(286, 57, 'Dariana Bernier', 'Quo molestiae veniam repellendus et. Aspernatur fugit nisi nisi qui impedit aliquid dolor. Repudiandae magni voluptas quia accusamus.', 0, '2019-09-14 01:14:42', '2019-09-14 01:14:42'),
(287, 91, 'Letitia Walsh', 'Beatae consequuntur quas eius qui velit eligendi est. Natus omnis repudiandae in et praesentium quos ducimus. Dolores enim incidunt ducimus labore. Rerum dolorum sed blanditiis in dolor accusantium.', 1, '2019-09-14 01:14:42', '2019-09-14 01:14:42'),
(288, 18, 'Toy Windler', 'Rem expedita eum eos sunt perspiciatis. Molestiae dolorem officiis quod sit non non est. Delectus corporis cum dolores aut tempora. Debitis quaerat fugit blanditiis voluptatibus commodi sit repellat.', 4, '2019-09-14 01:14:42', '2019-09-14 01:14:42'),
(289, 72, 'Aryanna Kuhlman Sr.', 'Odit eum a vitae consectetur. Necessitatibus porro est voluptas illo expedita sit. Officiis excepturi officiis amet cum dolor illo odio.', 5, '2019-09-14 01:14:42', '2019-09-14 01:14:42'),
(290, 55, 'Miguel Mante IV', 'Labore enim beatae eligendi doloremque consequuntur. Nesciunt distinctio dolore eos voluptas. Tempora deserunt accusamus quisquam quia maiores dolores et. Harum voluptatem dolores corrupti qui deserunt.', 0, '2019-09-14 01:14:42', '2019-09-14 01:14:42'),
(291, 51, 'Mrs. Brenna Reilly', 'Mollitia adipisci doloremque qui odit. Occaecati soluta aut ut facilis minima. Nobis nesciunt ullam dolor id illo magnam eius itaque.', 2, '2019-09-14 01:14:42', '2019-09-14 01:14:42'),
(292, 74, 'Dr. Lucio Schumm MD', 'Eos tenetur sapiente modi. Voluptatibus ea eum id non culpa totam autem. Dolorum doloremque occaecati id ex explicabo.', 5, '2019-09-14 01:14:42', '2019-09-14 01:14:42'),
(293, 71, 'Norwood Schmitt', 'Tempora saepe ullam voluptatem est animi voluptatem quia. Qui nihil quas sapiente quod sit nulla asperiores. Ut necessitatibus rerum aut et sunt. Ab harum qui magni deleniti iure exercitationem iusto.', 5, '2019-09-14 01:14:42', '2019-09-14 01:14:42'),
(294, 88, 'Ariane Cronin', 'Repellat ut vel iste tempore. Iure quaerat quis alias. Mollitia quibusdam consectetur ea.', 2, '2019-09-14 01:14:42', '2019-09-14 01:14:42'),
(295, 35, 'Horace Tremblay', 'Praesentium et tempora aut laboriosam. Nihil fugiat consectetur praesentium aut. Consectetur quis dolorem ad ut sunt. Et velit similique vel magni quas officiis aut dolorem.', 3, '2019-09-14 01:14:42', '2019-09-14 01:14:42'),
(296, 51, 'Mr. Willis Towne DVM', 'Sit nostrum cupiditate rerum sint omnis. Aut eligendi similique consequatur architecto aut. Quod sit est exercitationem sunt sit magnam possimus.', 4, '2019-09-14 01:14:42', '2019-09-14 01:14:42'),
(297, 78, 'Irma Runolfsson', 'Natus iure architecto quis excepturi consequatur ut. Fuga consequatur corporis sit ducimus possimus. Accusamus iure quibusdam est odio alias reprehenderit. Autem voluptatem dolore et sed temporibus eaque consectetur.', 4, '2019-09-14 01:14:42', '2019-09-14 01:14:42'),
(298, 57, 'Felicity Mohr', 'Totam autem vero et repudiandae minima qui ea. Omnis et tempora ipsa consequatur. Delectus consequatur voluptate ea beatae itaque nisi aspernatur quod.', 4, '2019-09-14 01:14:42', '2019-09-14 01:14:42'),
(299, 1, 'Mya Klein', 'Eveniet non aut vitae cumque. Possimus repellat aut assumenda. Quaerat qui consequatur non ut voluptate.', 4, '2019-09-14 01:14:42', '2019-09-14 01:14:42'),
(300, 57, 'Reese Cummerata', 'Ut eos quia sit error. Dolores aut officia voluptate facere velit. In quibusdam molestiae omnis veritatis explicabo dolores.', 0, '2019-09-14 01:14:42', '2019-09-14 01:14:42'),
(301, 38, 'NewUser', 'THis is awesome product i have seen', 5, '2019-09-14 02:15:18', '2019-09-14 02:15:18');

-- --------------------------------------------------------

--
-- Table structure for table `users`
--

DROP TABLE IF EXISTS `users`;
CREATE TABLE IF NOT EXISTS `users` (
  `id` bigint(20) UNSIGNED NOT NULL AUTO_INCREMENT,
  `name` varchar(191) COLLATE utf8mb4_unicode_ci NOT NULL,
  `email` varchar(191) COLLATE utf8mb4_unicode_ci NOT NULL,
  `email_verified_at` timestamp NULL DEFAULT NULL,
  `password` varchar(191) COLLATE utf8mb4_unicode_ci NOT NULL,
  `remember_token` varchar(100) COLLATE utf8mb4_unicode_ci DEFAULT NULL,
  `created_at` timestamp NULL DEFAULT NULL,
  `updated_at` timestamp NULL DEFAULT NULL,
  PRIMARY KEY (`id`),
  UNIQUE KEY `users_email_unique` (`email`)
) ENGINE=MyISAM AUTO_INCREMENT=7 DEFAULT CHARSET=utf8mb4 COLLATE=utf8mb4_unicode_ci;

--
-- Dumping data for table `users`
--

INSERT INTO `users` (`id`, `name`, `email`, `email_verified_at`, `password`, `remember_token`, `created_at`, `updated_at`) VALUES
(1, 'Dejah Reinger', 'webster.von@example.net', '2019-09-14 01:14:40', '$2y$10$92IXUNpkjO0rOQ5byMi.Ye4oKoEa3Ro9llC/.og/at2.uheWG/igi', 'Pw6uHq794v', '2019-09-14 01:14:40', '2019-09-14 01:14:40'),
(2, 'Barbara Braun', 'hansen.ahmad@example.com', '2019-09-14 01:14:40', '$2y$10$92IXUNpkjO0rOQ5byMi.Ye4oKoEa3Ro9llC/.og/at2.uheWG/igi', 'W12N8kRcLh', '2019-09-14 01:14:40', '2019-09-14 01:14:40'),
(3, 'Dixie Rice', 'yreinger@example.net', '2019-09-14 01:14:40', '$2y$10$92IXUNpkjO0rOQ5byMi.Ye4oKoEa3Ro9llC/.og/at2.uheWG/igi', 'I2jDyhMvr7', '2019-09-14 01:14:40', '2019-09-14 01:14:40'),
(4, 'Lizeth Dicki', 'oren74@example.com', '2019-09-14 01:14:40', '$2y$10$92IXUNpkjO0rOQ5byMi.Ye4oKoEa3Ro9llC/.og/at2.uheWG/igi', 'jlN8dmweMj', '2019-09-14 01:14:40', '2019-09-14 01:14:40'),
(5, 'Cory Satterfield', 'rbartoletti@example.org', '2019-09-14 01:14:40', '$2y$10$92IXUNpkjO0rOQ5byMi.Ye4oKoEa3Ro9llC/.og/at2.uheWG/igi', 'ldVO257j7y', '2019-09-14 01:14:40', '2019-09-14 01:14:40'),
(6, 'Nick', 'writetonick@info.com', NULL, '$2y$10$8ebReO662qySH9xqEWYzeOGTDMoMPPNZOtkYAQz7N9yaIoHH2pWFy', NULL, '2019-09-14 01:36:18', '2019-09-14 01:36:18');
COMMIT;

/*!40101 SET CHARACTER_SET_CLIENT=@OLD_CHARACTER_SET_CLIENT */;
/*!40101 SET CHARACTER_SET_RESULTS=@OLD_CHARACTER_SET_RESULTS */;
/*!40101 SET COLLATION_CONNECTION=@OLD_COLLATION_CONNECTION */;
